2.412903904914855957e-01 2.363768517971038818e-01 -1.078700125217437744e-01 7.994676828384399414e-01 1.059405505657196045e-02 4.961469210684299469e-03 4.685832187533378601e-03
2.415540367364883423e-01 2.350945472717285156e-01 -1.080737411975860596e-01 7.994916439056396484e-01 1.060603931546211243e-02 4.949484951794147491e-03 4.793690051883459091e-03
2.400560230016708374e-01 2.293061614036560059e-01 -1.090085133910179138e-01 8.043332695960998535e-01 1.078580226749181747e-02 4.769721534103155136e-03 4.997421987354755402e-03
2.388935387134552002e-01 2.224391996860504150e-01 -1.093320846557617188e-01 8.076409101486206055e-01 1.084572356194257736e-02 5.177185405045747757e-03 4.925516434013843536e-03
2.374554425477981567e-01 2.147453278303146362e-01 -1.094399467110633850e-01 8.137768507003784180e-01 1.084572356194257736e-02 5.141232628375291824e-03 4.985437728464603424e-03
2.365805953741073608e-01 2.072312235832214355e-01 -1.094878837466239929e-01 8.204160928726196289e-01 1.082175504416227341e-02 5.332980304956436157e-03 5.081311333924531937e-03
2.365086823701858521e-01 1.990460008382797241e-01 -1.094998642802238464e-01 8.251258730888366699e-01 1.083373930305242538e-02 5.740443710237741470e-03 5.117264110594987869e-03
2.362450361251831055e-01 1.914599835872650146e-01 -1.094998642802238464e-01 8.297877311706542969e-01 1.082175504416227341e-02 5.860286299139261246e-03 5.093295592814683914e-03
2.352143824100494385e-01 1.832987219095230103e-01 -1.097155809402465820e-01 8.353843688964843750e-01 1.085770782083272934e-02 5.980128422379493713e-03 5.009406246244907379e-03
2.342796176671981812e-01 1.758325546979904175e-01 -1.099552661180496216e-01 8.407413363456726074e-01 1.091762911528348923e-02 6.135923322290182114e-03 5.081311333924531937e-03
2.337283492088317871e-01 1.677911430597305298e-01 -1.102309003472328186e-01 8.441928029060363770e-01 1.110937725752592087e-02 6.243781186640262604e-03 5.093295592814683914e-03
2.331650853157043457e-01 1.587550342082977295e-01 -1.103507429361343384e-01 8.467813730239868164e-01 1.121723465621471405e-02 6.207828875631093979e-03 5.069327075034379959e-03
2.328295260667800903e-01 1.492755115032196045e-01 -1.104466170072555542e-01 8.503766655921936035e-01 1.143295131623744965e-02 5.896238610148429871e-03 4.973453469574451447e-03
2.328295260667800903e-01 1.408266276121139526e-01 -1.104825735092163086e-01 8.536723256111145020e-01 1.149287167936563492e-02 5.728459451347589493e-03 4.901547916233539581e-03
2.314992845058441162e-01 1.338278502225875854e-01 -1.104705855250358582e-01 8.582742810249328613e-01 1.144493464380502701e-02 5.225121974945068359e-03 4.817658569663763046e-03
2.300971299409866333e-01 1.282192319631576538e-01 -1.099552661180496216e-01 8.612223863601684570e-01 1.146890316158533096e-02 5.189169663935899734e-03 4.422178957611322403e-03
2.298214882612228394e-01 1.242884024977684021e-01 -1.096316948533058167e-01 8.622530102729797363e-01 1.142096705734729767e-02 4.649879410862922668e-03 3.643204458057880402e-03
2.288867235183715820e-01 1.231858506798744202e-01 -1.080737411975860596e-01 8.628881573677062988e-01 1.144493464380502701e-02 4.326305352151393890e-03 2.744387602433562279e-03
2.279399633407592773e-01 1.233895793557167053e-01 -1.071030199527740479e-01 8.631398677825927734e-01 1.140898279845714569e-02 3.882888937368988991e-03 2.049302449449896812e-03
2.261303514242172241e-01 1.232098191976547241e-01 -1.064918264746665955e-01 8.632237315177917480e-01 1.143295131623744965e-02 3.163835499435663223e-03 1.605886151082813740e-03
2.229425460100173950e-01 1.232457756996154785e-01 -1.060843616724014282e-01 8.632596731185913086e-01 1.139699853956699371e-02 2.097239485010504723e-03 1.198422512970864773e-03
2.178372591733932495e-01 1.231978386640548706e-01 -1.056768968701362610e-01 8.631877899169921875e-01 1.140898279845714569e-02 9.946906939148902893e-04 9.707222343422472477e-04
2.111141085624694824e-01 1.232098191976547241e-01 -1.054971367120742798e-01 8.630679249763488770e-01 1.136104576289653778e-02 -1.917476038215681911e-04 8.988169138319790363e-04
2.050261199474334717e-01 1.231858506798744202e-01 -1.053173691034317017e-01 8.625046610832214355e-01 1.138501428067684174e-02 -1.809617970138788223e-03 8.269115351140499115e-04
1.986984610557556152e-01 1.232098191976547241e-01 -1.050657033920288086e-01 8.623608946800231934e-01 1.136104576289653778e-02 -4.194478970021009445e-03 7.669904152862727642e-04
1.928980946540832520e-01 1.232098191976547241e-01 -1.044185534119606018e-01 8.622290492057800293e-01 1.133707724511623383e-02 -7.346330210566520691e-03 7.669904152862727642e-04
1.877808272838592529e-01 1.231858506798744202e-01 -1.036515608429908752e-01 8.620253205299377441e-01 1.130112446844577789e-02 -9.970875456929206848e-03 8.388957940042018890e-04
1.824837923049926758e-01 1.232098191976547241e-01 -1.026568710803985596e-01 8.619893789291381836e-01 1.126517169177532196e-02 -1.266732625663280487e-02 8.628641953691840172e-04
1.765875518321990967e-01 1.230779960751533508e-01 -1.015183702111244202e-01 8.619294762611389160e-01 1.124120317399501801e-02 -1.538774557411670685e-02 8.508799946866929531e-04
1.700681447982788086e-01 1.225746572017669678e-01 -1.007873341441154480e-01 8.618575334548950195e-01 1.126517169177532196e-02 -1.758085750043392181e-02 8.508799946866929531e-04
1.633929312229156494e-01 1.217357590794563293e-01 -1.008592396974563599e-01 8.618455529212951660e-01 1.146890316158533096e-02 -1.923468150198459625e-02 8.269115351140499115e-04
1.569214463233947754e-01 1.202497184276580811e-01 -1.007873341441154480e-01 8.617616891860961914e-01 1.191231980919837952e-02 -2.025333978235721588e-02 8.149273344315588474e-04
1.505338549613952637e-01 1.194467693567276001e-01 -1.008472517132759094e-01 8.617137074470520020e-01 1.251153089106082916e-02 -2.143977954983711243e-02 8.269115351140499115e-04
1.446256339550018311e-01 1.193269342184066772e-01 -1.008232906460762024e-01 8.614860177040100098e-01 1.321860030293464661e-02 -2.286590263247489929e-02 7.909588748589158058e-04
1.380702555179595947e-01 1.192310601472854614e-01 -1.008232906460762024e-01 8.615459799766540527e-01 1.384177990257740021e-02 -2.413623034954071045e-02 8.269115351140499115e-04
1.318744122982025146e-01 1.190153434872627258e-01 -1.008352711796760559e-01 8.615459799766540527e-01 1.411741692572832108e-02 -2.551441639661788940e-02 8.508799946866929531e-04
1.270208060741424561e-01 1.189074814319610596e-01 -1.008352711796760559e-01 8.614979982376098633e-01 1.444099098443984985e-02 -2.688061632215976715e-02 8.508799946866929531e-04
1.214121878147125244e-01 1.186078786849975586e-01 -1.008472517132759094e-01 8.615099787712097168e-01 1.459678635001182556e-02 -2.821086533367633820e-02 9.707222343422472477e-04
1.143894270062446594e-01 1.182483509182929993e-01 -1.008352711796760559e-01 8.615339398384094238e-01 1.495631318539381027e-02 -2.960103563964366913e-02 1.018659095279872417e-03
1.097395494580268860e-01 1.182243824005126953e-01 -1.007633656263351440e-01 8.615459799766540527e-01 1.513607613742351532e-02 -3.093128465116024017e-02 9.707222343422472477e-04
1.057248339056968689e-01 1.184640675783157349e-01 -1.005236804485321045e-01 8.615459799766540527e-01 1.514806039631366730e-02 -3.335209935903549194e-02 9.827064350247383118e-04
1.001282036304473877e-01 1.185479536652565002e-01 -9.981661289930343628e-02 8.615339398384094238e-01 1.511210761964321136e-02 -3.525758907198905945e-02 9.707222343422472477e-04
9.304552525281906128e-02 1.189913749694824219e-01 -9.927732497453689575e-02 8.615459799766540527e-01 1.516004465520381927e-02 -3.753459453582763672e-02 9.827064350247383118e-04
8.628641813993453979e-02 1.195066943764686584e-01 -9.900168329477310181e-02 8.615339398384094238e-01 1.514806039631366730e-02 -3.936817869544029236e-02 9.946906939148902893e-04
7.870040833950042725e-02 1.198182851076126099e-01 -9.889382869005203247e-02 8.603355288505554199e-01 1.514806039631366730e-02 -4.214851930737495422e-02 1.078580273315310478e-03
6.958041340112686157e-02 1.200579702854156494e-01 -9.861818701028823853e-02 8.593049049377441406e-01 1.513607613742351532e-02 -4.600743949413299561e-02 1.066596014425158501e-03
6.137121841311454773e-02 1.201778128743171692e-01 -9.837850183248519897e-02 8.580345511436462402e-01 1.512409187853336334e-02 -5.080113187432289124e-02 1.114532933570444584e-03
5.213138088583946228e-02 1.210047230124473572e-01 -9.770739078521728516e-02 8.579986095428466797e-01 1.507615577429533005e-02 -5.542704090476036072e-02 1.150485593825578690e-03
4.388623312115669250e-02 1.231259331107139587e-01 -9.680857509374618530e-02 8.579626679420471191e-01 1.506417151540517807e-02 -5.976533144712448120e-02 1.162469852715730667e-03
3.574894368648529053e-02 1.254388839006423950e-01 -9.558618068695068359e-02 8.579027652740478516e-01 1.500425022095441818e-02 -6.344448775053024292e-02 1.162469852715730667e-03
2.889396622776985168e-02 1.278596967458724976e-01 -9.413608908653259277e-02 8.570998311042785645e-01 1.495631318539381027e-02 -6.802245974540710449e-02 1.138501451350748539e-03
2.208692766726016998e-02 1.296333670616149902e-01 -9.098424017429351807e-02 8.568601012229919434e-01 1.494432892650365829e-02 -7.293599843978881836e-02 1.198422512970864773e-03
1.488440763205289841e-02 1.311553567647933960e-01 -8.817993104457855225e-02 8.566324114799499512e-01 1.489639189094305038e-02 -7.816112041473388672e-02 1.126517192460596561e-03
7.633951492607593536e-03 1.330608576536178589e-01 -8.664594590663909912e-02 8.555418848991394043e-01 1.490837614983320236e-02 -8.299075812101364136e-02 1.174454111605882645e-03
9.108011145144701004e-04 1.347026973962783813e-01 -8.596284687519073486e-02 8.545231819152832031e-01 1.487242337316274643e-02 -8.759269863367080688e-02 1.174454111605882645e-03
-5.249090492725372314e-03 1.361887305974960327e-01 -8.526775985956192017e-02 8.530251979827880859e-01 1.484845485538244247e-02 -9.142765402793884277e-02 1.198422512970864773e-03
-1.040230784565210342e-02 1.379983574151992798e-01 -8.475244045257568359e-02 8.507481813430786133e-01 1.483647059649229050e-02 -9.737183153629302979e-02 1.234375173225998878e-03
-1.614275202155113220e-02 1.398798823356628418e-01 -8.436894416809082031e-02 8.494299054145812988e-01 1.484845485538244247e-02 -1.029444932937622070e-01 1.246359432116150856e-03
-2.130795270204544067e-02 1.420969516038894653e-01 -8.412925899028778076e-02 8.473326563835144043e-01 1.483647059649229050e-02 -1.080138236284255981e-01 1.294296351261436939e-03
-2.688061632215976715e-02 1.439065784215927124e-01 -8.323044329881668091e-02 8.442527055740356445e-01 1.483647059649229050e-02 -1.138860955834388733e-01 1.354217412881553173e-03
-3.186605498194694519e-02 1.449372172355651855e-01 -8.043812215328216553e-02 8.402619957923889160e-01 1.481250207871198654e-02 -1.206332147121429443e-01 1.474059652537107468e-03
-3.820570930838584900e-02 1.457521468400955200e-01 -7.808921486139297485e-02 8.378531336784362793e-01 1.480051781982183456e-02 -1.264934986829757690e-01 1.498028170317411423e-03
-4.419782385230064392e-02 1.471063643693923950e-01 -7.699864357709884644e-02 8.348571062088012695e-01 1.480051781982183456e-02 -1.310115456581115723e-01 1.581917749717831612e-03
-4.866793751716613770e-02 1.484965384006500244e-01 -7.583617419004440308e-02 8.308783173561096191e-01 1.477654930204153061e-02 -1.378066092729568481e-01 1.605886151082813740e-03
-5.384512245655059814e-02 1.496949642896652222e-01 -7.509315758943557739e-02 8.289967775344848633e-01 1.474059745669364929e-02 -1.452727764844894409e-01 1.641838811337947845e-03
-5.935786664485931396e-02 1.507256031036376953e-01 -7.400259375572204590e-02 8.265040516853332520e-01 1.474059745669364929e-02 -1.504739373922348022e-01 1.725728390738368034e-03
-6.466688215732574463e-02 1.514925956726074219e-01 -7.159376144409179688e-02 8.228608965873718262e-01 1.465670764446258545e-02 -1.567776352167129517e-01 1.869539148174226284e-03
-6.990398466587066650e-02 1.516963243484497070e-01 -6.792658567428588867e-02 8.204041123390197754e-01 1.459678635001182556e-02 -1.643756330013275146e-01 2.097239485010504723e-03
-7.609982788562774658e-02 1.524033993482589722e-01 -6.680007278919219971e-02 8.194573521614074707e-01 1.452488079667091370e-02 -1.699363142251968384e-01 2.288986928761005402e-03
-8.158860355615615845e-02 1.531464159488677979e-01 -6.540989875793457031e-02 8.180432319641113281e-01 1.436908636242151260e-02 -1.759643852710723877e-01 2.492718864232301712e-03
-8.603475242853164673e-02 1.540692001581192017e-01 -6.441520899534225464e-02 8.159100413322448730e-01 1.426122803241014481e-02 -1.825437247753143311e-01 2.696450566872954369e-03
-8.976184576749801636e-02 1.545126140117645264e-01 -6.265352666378021240e-02 8.129379153251647949e-01 1.404551230370998383e-02 -1.889193207025527954e-01 2.936135279014706612e-03
-9.424394369125366211e-02 1.545126140117645264e-01 -5.963350459933280945e-02 8.109844923019409180e-01 1.397360675036907196e-02 -1.946957260370254517e-01 3.259709337726235390e-03
-9.902565181255340576e-02 1.545126140117645264e-01 -5.729658156633377075e-02 8.096182942390441895e-01 1.384177990257740021e-02 -2.005200535058975220e-01 3.415504237636923790e-03
-1.039991080760955811e-01 1.545845270156860352e-01 -5.584648996591567993e-02 8.083360195159912109e-01 1.367400120943784714e-02 -2.075188457965850830e-01 3.667172975838184357e-03
-1.078700125217437744e-01 1.546684056520462036e-01 -5.436044558882713318e-02 8.054478168487548828e-01 1.363804843276739120e-02 -2.132472991943359375e-01 3.918841481208801270e-03
-1.117289289832115173e-01 1.546324640512466431e-01 -5.239503458142280579e-02 8.013012409210205078e-01 1.356614287942647934e-02 -2.183645665645599365e-01 4.086620640009641647e-03
-1.163548454642295837e-01 1.545845270156860352e-01 -4.956675693392753601e-02 7.990362048149108887e-01 1.350622158497571945e-02 -2.254712134599685669e-01 4.206463228911161423e-03
-1.207530498504638672e-01 1.545605510473251343e-01 -4.691824316978454590e-02 7.971068024635314941e-01 1.341034844517707825e-02 -2.326857149600982666e-01 4.278368316590785980e-03
-1.235933154821395874e-01 1.546804010868072510e-01 -4.574378952383995056e-02 7.926006913185119629e-01 1.331447437405586243e-02 -2.392890304327011108e-01 4.434163216501474380e-03
-1.263137310743331909e-01 1.549680233001708984e-01 -4.485695436596870422e-02 7.901918888092041016e-01 1.317066326737403870e-02 -2.464915513992309570e-01 4.565989598631858826e-03
-1.291779577732086182e-01 1.549680233001708984e-01 -4.365853220224380493e-02 7.887777090072631836e-01 1.306280586868524551e-02 -2.535262703895568848e-01 4.685832187533378601e-03
-1.314549595117568970e-01 1.549680233001708984e-01 -4.190883412957191467e-02 7.868123054504394531e-01 1.297891605645418167e-02 -2.602134943008422852e-01 4.865595605224370956e-03
-1.335522085428237915e-01 1.549919843673706055e-01 -3.946405276656150818e-02 7.839121222496032715e-01 1.271526329219341278e-02 -2.671044170856475830e-01 4.973453469574451447e-03
-1.367280185222625732e-01 1.550638973712921143e-01 -3.734284639358520508e-02 7.811318039894104004e-01 1.249954663217067719e-02 -2.745586037635803223e-01 5.033374764025211334e-03
-1.413299739360809326e-01 1.551477760076522827e-01 -3.560513257980346680e-02 7.795498967170715332e-01 1.228383090347051620e-02 -2.814974784851074219e-01 5.069327075034379959e-03
-1.454885005950927734e-01 1.552436500787734985e-01 -3.341202065348625183e-02 7.774406671524047852e-01 1.217597257345914841e-02 -2.892512679100036621e-01 5.081311333924531937e-03
-1.492635309696197510e-01 1.552436500787734985e-01 -3.079945966601371765e-02 7.757388949394226074e-01 1.210406795144081116e-02 -2.973406016826629639e-01 5.081311333924531937e-03
-1.521637141704559326e-01 1.553395241498947144e-01 -2.853444032371044159e-02 7.723713517189025879e-01 1.198422536253929138e-02 -3.045670986175537109e-01 5.129248369485139847e-03
-1.557110399007797241e-01 1.553515046834945679e-01 -2.634132653474807739e-02 7.695071101188659668e-01 1.186438277363777161e-02 -3.126324713230133057e-01 5.141232628375291824e-03
-1.589348018169403076e-01 1.554593741893768311e-01 -2.413623034954071045e-02 7.667986750602722168e-01 1.166065130382776260e-02 -3.213929533958435059e-01 5.153216887265443802e-03
-1.610799729824066162e-01 1.555312722921371460e-01 -2.131993696093559265e-02 7.616334557533264160e-01 1.140898279845714569e-02 -3.272412419319152832e-01 5.177185405045747757e-03
-1.629614979028701782e-01 1.555792093276977539e-01 -1.875531300902366638e-02 7.583018541336059570e-01 1.114532910287380219e-02 -3.358459174633026123e-01 5.165201146155595779e-03
-1.638603061437606812e-01 1.556990593671798706e-01 -1.708950474858283997e-02 7.547545433044433594e-01 1.112136058509349823e-02 -3.431083559989929199e-01 5.189169663935899734e-03
-1.644235700368881226e-01 1.556631028652191162e-01 -1.549560297280550003e-02 7.506679296493530273e-01 1.104945596307516098e-02 -3.505865335464477539e-01 5.213138181716203690e-03
-1.655261218547821045e-01 1.556631028652191162e-01 -1.368598546832799911e-02 7.484388351440429688e-01 1.104945596307516098e-02 -3.586399257183074951e-01 5.201153922826051712e-03
-1.662092208862304688e-01 1.556631028652191162e-01 -1.156477723270654678e-02 7.446997761726379395e-01 1.102548744529485703e-02 -3.662259280681610107e-01 5.201153922826051712e-03
-1.680547893047332764e-01 1.556391268968582153e-01 -1.061802357435226440e-02 7.420153021812438965e-01 1.102548744529485703e-02 -3.730928897857666016e-01 5.189169663935899734e-03
-1.709669530391693115e-01 1.556271463632583618e-01 -9.851032868027687073e-03 7.411884069442749023e-01 1.100151892751455307e-02 -3.813020884990692139e-01 5.189169663935899734e-03
-1.730402261018753052e-01 1.556271463632583618e-01 -9.443569928407669067e-03 7.390072345733642578e-01 1.097755040973424911e-02 -3.888401687145233154e-01 5.189169663935899734e-03
-1.744064241647720337e-01 1.556151658296585083e-01 -9.395632892847061157e-03 7.370538115501403809e-01 1.096556615084409714e-02 -3.955753147602081299e-01 5.189169663935899734e-03
-1.751134991645812988e-01 1.553994417190551758e-01 -9.383648633956909180e-03 7.345610857009887695e-01 1.094159763306379318e-02 -4.035328328609466553e-01 5.201153922826051712e-03
-1.760842204093933105e-01 1.543807834386825562e-01 -9.395632892847061157e-03 7.326915860176086426e-01 1.092961337417364120e-02 -4.107233583927154541e-01 5.225121974945068359e-03
-1.775822490453720093e-01 1.531583964824676514e-01 -9.455553255975246429e-03 7.311215996742248535e-01 1.094159763306379318e-02 -4.174704849720001221e-01 5.249090492725372314e-03
-1.794637739658355713e-01 1.516004502773284912e-01 -9.467537514865398407e-03 7.295516729354858398e-01 1.095358189195394516e-02 -4.250205457210540771e-01 5.285043269395828247e-03
-1.813452988862991333e-01 1.499945670366287231e-01 -9.515474550426006317e-03 7.264357805252075195e-01 1.092961337417364120e-02 -4.323548972606658936e-01 5.332980304956436157e-03
-1.829272210597991943e-01 1.483167707920074463e-01 -9.551427327096462250e-03 7.221813797950744629e-01 1.091762911528348923e-02 -4.393896460533142090e-01 5.440838169306516647e-03
-1.843413561582565308e-01 1.465431004762649536e-01 -9.563411585986614227e-03 7.193651199340820312e-01 1.091762911528348923e-02 -4.473711252212524414e-01 5.512743722647428513e-03
-1.849166005849838257e-01 1.447574496269226074e-01 -9.623332880437374115e-03 7.162012457847595215e-01 1.090564485639333725e-02 -4.539504647254943848e-01 5.584648810327053070e-03
-1.850004792213439941e-01 1.429478377103805542e-01 -9.707222692668437958e-03 7.131333351135253906e-01 1.090564485639333725e-02 -4.607095718383789062e-01 5.608617328107357025e-03
-1.857914477586746216e-01 1.408745646476745605e-01 -9.946906939148902893e-03 7.116472721099853516e-01 1.089366059750318527e-02 -4.683794677257537842e-01 5.608617328107357025e-03
-1.859352588653564453e-01 1.386215388774871826e-01 -1.012666989117860794e-02 7.092503905296325684e-01 1.086969207972288132e-02 -4.764448702335357666e-01 5.692507140338420868e-03
-1.857914477586746216e-01 1.362366676330566406e-01 -1.012666989117860794e-02 7.067697048187255859e-01 1.085770782083272934e-02 -4.827845096588134766e-01 5.788380745798349380e-03
-1.855996996164321899e-01 1.331447362899780273e-01 -1.009071804583072662e-02 7.045166492462158203e-01 1.086969207972288132e-02 -4.907300472259521484e-01 5.800365004688501358e-03
-1.855996996164321899e-01 1.305801123380661011e-01 -1.012666989117860794e-02 7.031384706497192383e-01 1.085770782083272934e-02 -4.984119534492492676e-01 5.884254816919565201e-03
-1.856596171855926514e-01 1.281353384256362915e-01 -1.022254396229982376e-02 7.024433612823486328e-01 1.084572356194257736e-02 -5.054107308387756348e-01 5.944175645709037781e-03
-1.856116801500320435e-01 1.257504820823669434e-01 -1.025849673897027969e-02 7.020239233970642090e-01 1.084572356194257736e-02 -5.135959386825561523e-01 6.052033975720405579e-03
-1.854079514741897583e-01 1.231139451265335083e-01 -1.035437081009149551e-02 7.016763687133789062e-01 1.085770782083272934e-02 -5.213617086410522461e-01 6.255765445530414581e-03
-1.853600144386291504e-01 1.206571832299232483e-01 -1.043826062232255936e-02 7.017962336540222168e-01 1.083373930305242538e-02 -5.278571844100952148e-01 6.387591827660799026e-03
-1.850604116916656494e-01 1.182603314518928528e-01 -1.170858833938837051e-02 7.016044855117797852e-01 1.084572356194257736e-02 -5.364858508110046387e-01 6.651245057582855225e-03
-1.849884986877441406e-01 1.151684075593948364e-01 -1.223589386790990829e-02 7.013767957687377930e-01 1.084572356194257736e-02 -5.440359115600585938e-01 6.735134404152631760e-03
-1.850723922252655029e-01 1.118128225207328796e-01 -1.254748366773128510e-02 7.012569308280944824e-01 1.085770782083272934e-02 -5.513822436332702637e-01 6.807039957493543625e-03
-1.849405616521835327e-01 1.084093004465103149e-01 -1.307479012757539749e-02 7.012449502944946289e-01 1.090564485639333725e-02 -5.599389672279357910e-01 6.950850598514080048e-03
-1.848926246166229248e-01 1.052694320678710938e-01 -1.412940118461847305e-02 7.014606595039367676e-01 1.102548744529485703e-02 -5.663265585899353027e-01 7.010771892964839935e-03
-1.847727894783020020e-01 1.017460748553276062e-01 -1.490837614983320236e-02 7.013767957687377930e-01 1.118128187954425812e-02 -5.738046765327453613e-01 7.070692721754312515e-03
-1.845450848340988159e-01 9.823469072580337524e-02 -1.559147704392671585e-02 7.014486789703369141e-01 1.124120317399501801e-02 -5.812229514122009277e-01 7.070692721754312515e-03
-1.844971477985382080e-01 9.522665292024612427e-02 -1.694569364190101624e-02 7.015206217765808105e-01 1.139699853956699371e-02 -5.876704454421997070e-01 7.070692721754312515e-03
-1.844012737274169922e-01 9.245830029249191284e-02 -1.814411766827106476e-02 7.018201947212219238e-01 1.143295131623744965e-02 -5.937584638595581055e-01 7.070692721754312515e-03
-1.843653172254562378e-01 8.948621153831481934e-02 -1.957023888826370239e-02 7.018561363220214844e-01 1.157676149159669876e-02 -6.008411049842834473e-01 7.058708462864160538e-03
-1.842454820871353149e-01 8.596284687519073486e-02 -2.078064717352390289e-02 7.022036910057067871e-01 1.205613091588020325e-02 -6.067852973937988281e-01 7.058708462864160538e-03
-1.835384070873260498e-01 8.270313590764999390e-02 -2.219478599727153778e-02 7.024553418159484863e-01 1.282312069088220596e-02 -6.116269230842590332e-01 7.070692721754312515e-03
-1.822081655263900757e-01 7.944343239068984985e-02 -2.360892295837402344e-02 7.030785679817199707e-01 1.375789102166891098e-02 -6.170437932014465332e-01 7.058708462864160538e-03
-1.811295747756958008e-01 7.651928067207336426e-02 -2.625743672251701355e-02 7.032223343849182129e-01 1.408146508038043976e-02 -6.225085854530334473e-01 7.082676980644464493e-03
-1.807460784912109375e-01 7.346329838037490845e-02 -2.927746251225471497e-02 7.032223343849182129e-01 1.457281783223152161e-02 -6.275898814201354980e-01 7.082676980644464493e-03
-1.805423498153686523e-01 7.045526057481765747e-02 -3.131477907299995422e-02 7.033062577247619629e-01 1.474059745669364929e-02 -6.309455037117004395e-01 7.070692721754312515e-03
-1.798113137483596802e-01 6.701578944921493530e-02 -3.263304382562637329e-02 7.047802805900573730e-01 1.508814003318548203e-02 -6.340733766555786133e-01 7.094661239534616470e-03
-1.781455129384994507e-01 6.387592107057571411e-02 -3.491004928946495056e-02 7.051158547401428223e-01 1.529187150299549103e-02 -6.375847458839416504e-01 7.070692721754312515e-03
-1.763958185911178589e-01 6.066414713859558105e-02 -3.733086213469505310e-02 7.057750225067138672e-01 1.545965019613504410e-02 -6.408085227012634277e-01 7.070692721754312515e-03
-1.741188019514083862e-01 5.756023526191711426e-02 -3.952397406101226807e-02 7.059667110443115234e-01 1.574727147817611694e-02 -6.443438529968261719e-01 7.022756151854991913e-03
-1.710508465766906738e-01 5.413274466991424561e-02 -4.126168787479400635e-02 7.059787511825561523e-01 1.585512980818748474e-02 -6.475436687469482422e-01 7.010771892964839935e-03
-1.678270846605300903e-01 5.108875036239624023e-02 -4.383829608559608459e-02 7.062184214591979980e-01 1.597497239708900452e-02 -6.499524712562561035e-01 6.974819116294384003e-03
-1.640280932188034058e-01 4.877579584717750549e-02 -4.716990888118743896e-02 7.063742280006408691e-01 1.603489369153976440e-02 -6.518340110778808594e-01 6.962834857404232025e-03
-1.598096489906311035e-01 4.635498300194740295e-02 -4.951881989836692810e-02 7.063862085342407227e-01 1.628656126558780670e-02 -6.542787551879882812e-01 6.950850598514080048e-03
-1.561904102563858032e-01 4.412591829895973206e-02 -5.088502168655395508e-02 7.071412205696105957e-01 1.637045107781887054e-02 -6.563161015510559082e-01 6.914897821843624115e-03
-1.527868807315826416e-01 4.262788966298103333e-02 -5.217931792140007019e-02 7.079920768737792969e-01 1.638243533670902252e-02 -6.585571169853210449e-01 6.878945510834455490e-03
-1.495271772146224976e-01 4.177701100707054138e-02 -5.378520116209983826e-02 7.093223333358764648e-01 1.645434089004993439e-02 -6.607502698898315430e-01 6.878945510834455490e-03
-1.472142189741134644e-01 4.129764065146446228e-02 -5.593037977814674377e-02 7.115393877029418945e-01 1.647830940783023834e-02 -6.633148789405822754e-01 6.878945510834455490e-03
-1.450570672750473022e-01 4.095009714365005493e-02 -5.826730281114578247e-02 7.143077850341796875e-01 1.653823070228099823e-02 -6.658195853233337402e-01 6.866961251944303513e-03
-1.424684673547744751e-01 4.019509255886077881e-02 -5.948969349265098572e-02 7.151466608047485352e-01 1.668204180896282196e-02 -6.671857833862304688e-01 6.854976993054151535e-03
-1.407307535409927368e-01 3.915246203541755676e-02 -6.044843047857284546e-02 7.163450717926025391e-01 1.675394736230373383e-02 -6.684800982475280762e-01 6.854976993054151535e-03
-1.396521776914596558e-01 3.806189820170402527e-02 -6.067613139748573303e-02 7.177232503890991211e-01 1.676593162119388580e-02 -6.699901223182678223e-01 6.854976993054151535e-03
-1.394843906164169312e-01 3.736681491136550903e-02 -6.070009991526603699e-02 7.203598022460937500e-01 1.684982143342494965e-02 -6.715360879898071289e-01 6.854976993054151535e-03
-1.394963860511779785e-01 3.717506676912307739e-02 -6.067613139748573303e-02 7.230562567710876465e-01 1.686180569231510162e-02 -6.726505756378173828e-01 6.842992734163999557e-03
-1.394244730472564697e-01 3.713911399245262146e-02 -6.067613139748573303e-02 7.248418927192687988e-01 1.687378995120525360e-02 -6.735134720802307129e-01 6.842992734163999557e-03
-1.394005119800567627e-01 3.711514547467231750e-02 -6.065216287970542908e-02 7.259804010391235352e-01 1.690974272787570953e-02 -6.744122505187988281e-01 6.819024216383695602e-03
-1.394005119800567627e-01 3.710316121578216553e-02 -6.061621010303497314e-02 7.266755104064941406e-01 1.690974272787570953e-02 -6.753949522972106934e-01 6.831008475273847580e-03
-1.394005119800567627e-01 3.710316121578216553e-02 -6.055628880858421326e-02 7.272986769676208496e-01 1.689775846898555756e-02 -6.764256358146667480e-01 6.831008475273847580e-03
-1.394005119800567627e-01 3.709117695689201355e-02 -6.046041473746299744e-02 7.278739213943481445e-01 1.690974272787570953e-02 -6.773124337196350098e-01 6.831008475273847580e-03
-1.393885165452957153e-01 3.710316121578216553e-02 -6.043644621968269348e-02 7.285689711570739746e-01 1.692172512412071228e-02 -6.781633496284484863e-01 6.831008475273847580e-03
-1.394124925136566162e-01 3.709117695689201355e-02 -6.046041473746299744e-02 7.299231886863708496e-01 1.690974272787570953e-02 -6.793018579483032227e-01 6.819024216383695602e-03
-1.394244730472564697e-01 3.710316121578216553e-02 -6.046041473746299744e-02 7.320803403854370117e-01 1.690974272787570953e-02 -6.805961132049560547e-01 6.842992734163999557e-03
-1.394364535808563232e-01 3.707919269800186157e-02 -6.052033603191375732e-02 7.345371246337890625e-01 1.693370938301086426e-02 -6.825375556945800781e-01 6.831008475273847580e-03
-1.394005119800567627e-01 3.705522418022155762e-02 -6.055628880858421326e-02 7.368740439414978027e-01 1.694569364190101624e-02 -6.851501464843750000e-01 6.831008475273847580e-03
-1.394604295492172241e-01 3.704323992133140564e-02 -6.054430454969406128e-02 7.400618791580200195e-01 1.695767790079116821e-02 -6.877866983413696289e-01 6.831008475273847580e-03
-1.394963860511779785e-01 3.704323992133140564e-02 -6.054430454969406128e-02 7.428182363510131836e-01 1.700561493635177612e-02 -6.888652443885803223e-01 6.819024216383695602e-03
-1.392207443714141846e-01 3.704323992133140564e-02 -6.056827306747436523e-02 7.443042993545532227e-01 1.704156771302223206e-02 -6.900995969772338867e-01 6.819024216383695602e-03
-1.391847878694534302e-01 3.701927140355110168e-02 -6.058025732636451721e-02 7.454428076744079590e-01 1.702958345413208008e-02 -6.917175054550170898e-01 6.831008475273847580e-03
-1.392207443714141846e-01 3.700728714466094971e-02 -6.056827306747436523e-02 7.461378574371337891e-01 1.702958345413208008e-02 -6.931196451187133789e-01 6.831008475273847580e-03
-1.393046379089355469e-01 3.699530288577079773e-02 -6.058025732636451721e-02 7.468329668045043945e-01 1.701759919524192810e-02 -6.941982507705688477e-01 6.819024216383695602e-03
-1.393885165452957153e-01 3.700728714466094971e-02 -6.056827306747436523e-02 7.477797269821166992e-01 1.702958345413208008e-02 -6.952168941497802734e-01 6.819024216383695602e-03
-1.395083665847778320e-01 3.699530288577079773e-02 -6.055628880858421326e-02 7.486785054206848145e-01 1.702958345413208008e-02 -6.960318088531494141e-01 6.819024216383695602e-03
-1.397001147270202637e-01 3.698331862688064575e-02 -6.054430454969406128e-02 7.497091889381408691e-01 1.702958345413208008e-02 -6.967748403549194336e-01 6.819024216383695602e-03
-1.397360712289810181e-01 3.699530288577079773e-02 -6.056827306747436523e-02 7.506079673767089844e-01 1.704156771302223206e-02 -6.975538134574890137e-01 6.807039957493543625e-03
-1.397840082645416260e-01 3.697133436799049377e-02 -6.056827306747436523e-02 7.518903017044067383e-01 1.704156771302223206e-02 -6.985964179039001465e-01 6.819024216383695602e-03
-1.397600322961807251e-01 3.697133436799049377e-02 -6.055628880858421326e-02 7.527651190757751465e-01 1.708950474858283997e-02 -6.994593143463134766e-01 6.819024216383695602e-03
-1.397240757942199707e-01 3.695935010910034180e-02 -6.056827306747436523e-02 7.534841895103454590e-01 1.708950474858283997e-02 -7.004659771919250488e-01 6.819024216383695602e-03
-1.396881341934204102e-01 3.694736585021018982e-02 -6.054430454969406128e-02 7.539635896682739258e-01 1.712545752525329590e-02 -7.020359039306640625e-01 6.807039957493543625e-03
-1.397240757942199707e-01 3.693538159132003784e-02 -6.058025732636451721e-02 7.543350458145141602e-01 1.716141030192375183e-02 -7.037137150764465332e-01 6.807039957493543625e-03
-1.397240757942199707e-01 3.692339733242988586e-02 -6.053232029080390930e-02 7.548503875732421875e-01 1.717339456081390381e-02 -7.055712342262268066e-01 6.807039957493543625e-03
-1.398559063673019409e-01 3.691141307353973389e-02 -6.058025732636451721e-02 7.557492256164550781e-01 1.718537881970405579e-02 -7.070333361625671387e-01 6.807039957493543625e-03
-1.399278193712234497e-01 3.692339733242988586e-02 -6.056827306747436523e-02 7.568157911300659180e-01 1.719736307859420776e-02 -7.081838250160217285e-01 6.807039957493543625e-03
-1.400476545095443726e-01 3.687546029686927795e-02 -6.058025732636451721e-02 7.579902410507202148e-01 1.722133159637451172e-02 -7.095021009445190430e-01 6.795055698603391647e-03
-1.400356739759445190e-01 3.677958622574806213e-02 -6.059224158525466919e-02 7.588890790939331055e-01 1.726926863193511963e-02 -7.108802795410156250e-01 6.795055698603391647e-03
-1.401435285806655884e-01 3.668371215462684631e-02 -6.061621010303497314e-02 7.604230642318725586e-01 1.732918992638587952e-02 -7.125700712203979492e-01 6.783071439713239670e-03
-1.400716304779052734e-01 3.661180660128593445e-02 -6.061621010303497314e-02 7.611900568008422852e-01 1.736514270305633545e-02 -7.137924432754516602e-01 6.783071439713239670e-03
-1.401315480470657349e-01 3.650394827127456665e-02 -6.065216287970542908e-02 7.621847391128540039e-01 1.734117418527603149e-02 -7.147511839866638184e-01 6.795055698603391647e-03
-1.401675045490264893e-01 3.634815663099288940e-02 -6.066414713859558105e-02 7.627240419387817383e-01 1.738911122083663940e-02 -7.154582738876342773e-01 6.795055698603391647e-03
-1.401675045490264893e-01 3.619236126542091370e-02 -6.070009991526603699e-02 7.630355954170227051e-01 1.740109547972679138e-02 -7.160694599151611328e-01 6.795055698603391647e-03
-1.402154415845870972e-01 3.603656589984893799e-02 -6.070009991526603699e-02 7.631794214248657227e-01 1.743704825639724731e-02 -7.165847420692443848e-01 6.795055698603391647e-03
-1.402034461498260498e-01 3.590473905205726624e-02 -6.070009991526603699e-02 7.632273435592651367e-01 1.744903251528739929e-02 -7.171120643615722656e-01 6.771087180823087692e-03
-1.402394026517868042e-01 3.588077053427696228e-02 -6.068811565637588501e-02 7.633232474327087402e-01 1.747300103306770325e-02 -7.176393866539001465e-01 6.795055698603391647e-03
-1.403232961893081665e-01 3.578489646315574646e-02 -6.072406843304634094e-02 7.634071111679077148e-01 1.748498529195785522e-02 -7.182505726814270020e-01 6.771087180823087692e-03
-1.403592526912689209e-01 3.571299090981483459e-02 -6.070009991526603699e-02 7.634431123733520508e-01 1.749696955084800720e-02 -7.190774679183959961e-01 6.795055698603391647e-03
-1.403592526912689209e-01 3.565306961536407471e-02 -6.071208417415618896e-02 7.635030150413513184e-01 1.748498529195785522e-02 -7.200362086296081543e-01 6.759102921932935715e-03
-1.403712332248687744e-01 3.559314832091331482e-02 -6.070009991526603699e-02 7.635389566421508789e-01 1.749696955084800720e-02 -7.211507558822631836e-01 6.747118663042783737e-03
-1.403592526912689209e-01 3.558116406202316284e-02 -6.071208417415618896e-02 7.635629177093505859e-01 1.750895380973815918e-02 -7.225169539451599121e-01 6.747118663042783737e-03
-1.403712332248687744e-01 3.555719554424285889e-02 -6.068811565637588501e-02 7.636348605155944824e-01 1.752093806862831116e-02 -7.240749001502990723e-01 6.723150145262479782e-03
-1.403712332248687744e-01 3.553322702646255493e-02 -6.070009991526603699e-02 7.636708021163940430e-01 1.754490658640861511e-02 -7.255370020866394043e-01 6.711166352033615112e-03
-1.403832137584686279e-01 3.554521128535270691e-02 -6.070009991526603699e-02 7.637426853179931641e-01 1.754490658640861511e-02 -7.271668314933776855e-01 6.711166352033615112e-03
-1.403712332248687744e-01 3.552124276757240295e-02 -6.068811565637588501e-02 7.637906074523925781e-01 1.754490658640861511e-02 -7.289644479751586914e-01 6.687197834253311157e-03
-1.403352767229080200e-01 3.550925850868225098e-02 -6.070009991526603699e-02 7.639344334602355957e-01 1.754490658640861511e-02 -7.308699488639831543e-01 6.663229316473007202e-03
-1.403352767229080200e-01 3.550925850868225098e-02 -6.066414713859558105e-02 7.640782594680786133e-01 1.754490658640861511e-02 -7.326196432113647461e-01 6.675213575363159180e-03
-1.403352767229080200e-01 3.548528999090194702e-02 -6.068811565637588501e-02 7.642340660095214844e-01 1.754490658640861511e-02 -7.340338230133056641e-01 6.627276539802551270e-03
-1.403352767229080200e-01 3.548528999090194702e-02 -6.067613139748573303e-02 7.643299102783203125e-01 1.756887510418891907e-02 -7.351483106613159180e-01 6.627276539802551270e-03
-1.403352767229080200e-01 3.549727424979209900e-02 -6.064017862081527710e-02 7.643778324127197266e-01 1.755689084529876709e-02 -7.358793616294860840e-01 6.627276539802551270e-03
-1.403352767229080200e-01 3.547330573201179504e-02 -6.067613139748573303e-02 7.644017934799194336e-01 1.758085750043392181e-02 -7.364426255226135254e-01 6.615292280912399292e-03
-1.403113156557083130e-01 3.547330573201179504e-02 -6.065216287970542908e-02 7.644617557525634766e-01 1.756887510418891907e-02 -7.366822957992553711e-01 6.603308022022247314e-03
-1.403113156557083130e-01 3.544933721423149109e-02 -6.064017862081527710e-02 7.645695805549621582e-01 1.756887510418891907e-02 -7.369579672813415527e-01 6.591323763132095337e-03
-1.403113156557083130e-01 3.544933721423149109e-02 -6.064017862081527710e-02 7.646175622940063477e-01 1.758085750043392181e-02 -7.372096180915832520e-01 6.591323763132095337e-03
-1.403113156557083130e-01 3.541338443756103516e-02 -6.062819436192512512e-02 7.646654844284057617e-01 1.758085750043392181e-02 -7.374373078346252441e-01 6.591323763132095337e-03
-1.403352767229080200e-01 3.540140017867088318e-02 -6.064017862081527710e-02 7.646774649620056152e-01 1.756887510418891907e-02 -7.375811338424682617e-01 6.567355245351791382e-03
-1.403592526912689209e-01 3.535346314311027527e-02 -6.061621010303497314e-02 7.646535038948059082e-01 1.758085750043392181e-02 -7.377848625183105469e-01 6.543387193232774734e-03
-1.403951942920684814e-01 3.534147888422012329e-02 -6.064017862081527710e-02 7.646894454956054688e-01 1.762879453599452972e-02 -7.379406690597534180e-01 6.543387193232774734e-03
-1.405629813671112061e-01 3.530552610754966736e-02 -6.062819436192512512e-02 7.646654844284057617e-01 1.760482601821422577e-02 -7.381803393363952637e-01 6.531402934342622757e-03
-1.408026665449142456e-01 3.525758907198905945e-02 -6.064017862081527710e-02 7.646654844284057617e-01 1.762879453599452972e-02 -7.384080290794372559e-01 6.543387193232774734e-03
-1.410543322563171387e-01 3.517369925975799561e-02 -6.065216287970542908e-02 7.646535038948059082e-01 1.762879453599452972e-02 -7.386837005615234375e-01 6.543387193232774734e-03
-1.410902887582778931e-01 3.506584465503692627e-02 -6.065216287970542908e-02 7.646535038948059082e-01 1.762879453599452972e-02 -7.389473319053649902e-01 6.507434416562318802e-03
-1.411621868610382080e-01 3.491004928946495056e-02 -6.065216287970542908e-02 7.646535038948059082e-01 1.762879453599452972e-02 -7.391390800476074219e-01 6.519418675452470779e-03
-1.412340998649597168e-01 3.475425392389297485e-02 -6.064017862081527710e-02 7.646175622940063477e-01 1.764077879488468170e-02 -7.393308281898498535e-01 6.483465898782014847e-03
-1.412580609321594238e-01 3.459845855832099915e-02 -6.065216287970542908e-02 7.646535038948059082e-01 1.764077879488468170e-02 -7.396184206008911133e-01 6.435528863221406937e-03
-1.413179785013198853e-01 3.439472615718841553e-02 -6.064017862081527710e-02 7.645695805549621582e-01 1.765276305377483368e-02 -7.398701310157775879e-01 6.351639516651630402e-03
-1.417134702205657959e-01 3.429885208606719971e-02 -6.062819436192512512e-02 7.645576000213623047e-01 1.765276305377483368e-02 -7.401217818260192871e-01 6.255765445530414581e-03
-1.428639441728591919e-01 3.422694653272628784e-02 -6.061621010303497314e-02 7.644258141517639160e-01 1.766474731266498566e-02 -7.404573559761047363e-01 6.123939063400030136e-03
-1.438945978879928589e-01 3.414305672049522400e-02 -6.062819436192512512e-02 7.642819881439208984e-01 1.764077879488468170e-02 -7.409007549285888672e-01 6.099970545619726181e-03
-1.448892802000045776e-01 3.404718264937400818e-02 -6.061621010303497314e-02 7.642700076103210449e-01 1.766474731266498566e-02 -7.412722706794738770e-01 6.040049716830253601e-03
-1.460157930850982666e-01 3.395130857825279236e-02 -6.064017862081527710e-02 7.642460465431213379e-01 1.767673157155513763e-02 -7.417276501655578613e-01 5.956159904599189758e-03
-1.471543014049530029e-01 3.385543450713157654e-02 -6.060422584414482117e-02 7.642580270767211914e-01 1.766474731266498566e-02 -7.419793605804443359e-01 5.860286299139261246e-03
-1.483287513256072998e-01 3.385543450713157654e-02 -6.059224158525466919e-02 7.642340660095214844e-01 1.767673157155513763e-02 -7.423508763313293457e-01 5.740443710237741470e-03
-1.494073420763015747e-01 3.385543450713157654e-02 -6.053232029080390930e-02 7.641741037368774414e-01 1.767673157155513763e-02 -7.426025271415710449e-01 5.620601586997509003e-03
-1.502102762460708618e-01 3.386741876602172852e-02 -6.037652492523193359e-02 7.641741037368774414e-01 1.767673157155513763e-02 -7.427703142166137695e-01 5.416869651526212692e-03
-1.510252058506011963e-01 3.387940302491188049e-02 -6.019676476716995239e-02 7.641501426696777344e-01 1.768871583044528961e-02 -7.429740428924560547e-01 5.201153922826051712e-03
-1.515764743089675903e-01 3.392734006047248840e-02 -6.008890643715858459e-02 7.641142010688781738e-01 1.766474731266498566e-02 -7.431897521018981934e-01 4.949484951794147491e-03
-1.518401354551315308e-01 3.395130857825279236e-02 -6.000501662492752075e-02 7.640782594680786133e-01 1.768871583044528961e-02 -7.433815002441406250e-01 4.805674310773611069e-03
-1.520918011665344238e-01 3.401122987270355225e-02 -5.988517403602600098e-02 7.640662789344787598e-01 1.765276305377483368e-02 -7.436091899871826172e-01 4.625910893082618713e-03
-1.524633169174194336e-01 3.410710394382476807e-02 -5.977731570601463318e-02 7.640542984008789062e-01 1.767673157155513763e-02 -7.437889575958251953e-01 4.470115993171930313e-03
-1.531943529844284058e-01 3.414305672049522400e-02 -5.976533144712448120e-02 7.640542984008789062e-01 1.767673157155513763e-02 -7.438728213310241699e-01 4.314321093261241913e-03
-1.545126140117645264e-01 3.413107246160507202e-02 -5.971739441156387329e-02 7.639943361282348633e-01 1.767673157155513763e-02 -7.438728213310241699e-01 4.194478970021009445e-03
-1.562862843275070190e-01 3.411908820271492004e-02 -5.977731570601463318e-02 7.639823555946350098e-01 1.768871583044528961e-02 -7.438728213310241699e-01 4.098604898899793625e-03
-1.585033684968948364e-01 3.390337154269218445e-02 -5.981326848268508911e-02 7.639583945274353027e-01 1.771268434822559357e-02 -7.438968420028686523e-01 4.038684070110321045e-03
-1.607923507690429688e-01 3.374757990241050720e-02 -5.989715829491615295e-02 7.639823555946350098e-01 1.771268434822559357e-02 -7.439088225364685059e-01 4.050668329000473022e-03
-1.623143404722213745e-01 3.374757990241050720e-02 -5.984922125935554504e-02 7.639344334602355957e-01 1.772466860711574554e-02 -7.439327836036682129e-01 4.026699811220169067e-03
-1.632131636142730713e-01 3.374757990241050720e-02 -5.984922125935554504e-02 7.638266086578369141e-01 1.773665286600589752e-02 -7.439926862716674805e-01 3.990747034549713135e-03
-1.651665866374969482e-01 3.371162712574005127e-02 -5.989715829491615295e-02 7.629517316818237305e-01 1.773665286600589752e-02 -7.443402409553527832e-01 3.978762775659561157e-03
-1.680667698383331299e-01 3.356781601905822754e-02 -6.006493791937828064e-02 7.629157900810241699e-01 1.774863712489604950e-02 -7.444840669631958008e-01 3.990747034549713135e-03
-1.711587011814117432e-01 3.350789472460746765e-02 -6.005295366048812866e-02 7.628798484802246094e-01 1.776062138378620148e-02 -7.445439696311950684e-01 3.966778516769409180e-03
-1.744663566350936890e-01 3.353186324238777161e-02 -6.001700088381767273e-02 7.628438472747802734e-01 1.778458990156650543e-02 -7.446038722991943359e-01 3.954794257879257202e-03
-1.780136823654174805e-01 3.354384750127792358e-02 -6.000501662492752075e-02 7.628318667411804199e-01 1.778458990156650543e-02 -7.446398138999938965e-01 3.918841481208801270e-03
-1.818366497755050659e-01 3.354384750127792358e-02 -5.999303236603736877e-02 7.627839446067810059e-01 1.776062138378620148e-02 -7.446758151054382324e-01 3.906857222318649292e-03
-1.853959709405899048e-01 3.356781601905822754e-02 -5.994509533047676086e-02 7.624963521957397461e-01 1.777260564267635345e-02 -7.447237372398376465e-01 3.846936393529176712e-03
-1.885238438844680786e-01 3.356781601905822754e-02 -5.992112681269645691e-02 7.622686028480529785e-01 1.778458990156650543e-02 -7.447956204414367676e-01 3.834952134639024734e-03
-1.920352280139923096e-01 3.359178453683853149e-02 -5.990914255380630493e-02 7.622326612472534180e-01 1.778458990156650543e-02 -7.448315620422363281e-01 3.810983616858720779e-03
-1.954507231712341309e-01 3.360376879572868347e-02 -5.990914255380630493e-02 7.621008753776550293e-01 1.777260564267635345e-02 -7.449035048484802246e-01 3.787015099078416824e-03
-1.991418749094009399e-01 3.360376879572868347e-02 -5.987318977713584900e-02 7.619570493698120117e-01 1.778458990156650543e-02 -7.449753880500793457e-01 3.763046814128756523e-03
-2.024015784263610840e-01 3.366369009017944336e-02 -5.982525274157524109e-02 7.610222697257995605e-01 1.777260564267635345e-02 -7.450593113899230957e-01 3.751062555238604546e-03
-2.055534273386001587e-01 3.373559564352035522e-02 -5.980128422379493713e-02 7.599916458129882812e-01 1.778458990156650543e-02 -7.455027103424072266e-01 3.751062555238604546e-03
-2.091846466064453125e-01 3.373559564352035522e-02 -5.978929996490478516e-02 7.596680521965026855e-01 1.780855841934680939e-02 -7.457184195518493652e-01 3.715109778568148613e-03
-2.134510427713394165e-01 3.377154842019081116e-02 -5.974136292934417725e-02 7.596201300621032715e-01 1.778458990156650543e-02 -7.458022832870483398e-01 3.691141260787844658e-03
-2.178013026714324951e-01 3.375956416130065918e-02 -5.971739441156387329e-02 7.595961689949035645e-01 1.780855841934680939e-02 -7.458142638206481934e-01 3.679157234728336334e-03
-2.224272191524505615e-01 3.381948545575141907e-02 -5.966945737600326538e-02 7.594882845878601074e-01 1.779657416045665741e-02 -7.458862066268920898e-01 3.703125519677996635e-03
-2.269932031631469727e-01 3.392734006047248840e-02 -5.962152034044265747e-02 7.592006921768188477e-01 1.780855841934680939e-02 -7.459221482276916504e-01 3.703125519677996635e-03
-2.318348437547683716e-01 3.401122987270355225e-02 -5.959755182266235352e-02 7.586853504180908203e-01 1.782054267823696136e-02 -7.459461092948913574e-01 3.715109778568148613e-03
-2.371318638324737549e-01 3.407115116715431213e-02 -5.958556756377220154e-02 7.577625513076782227e-01 1.780855841934680939e-02 -7.459580898284912109e-01 3.703125519677996635e-03
-2.421412765979766846e-01 3.408313542604446411e-02 -5.957358330488204956e-02 7.564562559127807617e-01 1.780855841934680939e-02 -7.459461092948913574e-01 3.739078296348452568e-03
-2.464675754308700562e-01 3.413107246160507202e-02 -5.952564626932144165e-02 7.550061941146850586e-01 1.779657416045665741e-02 -7.459461092948913574e-01 3.751062555238604546e-03
-2.514410316944122314e-01 3.415504097938537598e-02 -5.951366201043128967e-02 7.544069886207580566e-01 1.778458990156650543e-02 -7.458262443542480469e-01 3.846936393529176712e-03
-2.561028897762298584e-01 3.420297801494598389e-02 -5.950167775154113770e-02 7.526453137397766113e-01 1.780855841934680939e-02 -7.457304000854492188e-01 3.870904678478837013e-03
-2.617474496364593506e-01 3.417900949716567993e-02 -5.940580368041992188e-02 7.518783211708068848e-01 1.779657416045665741e-02 -7.455386519432067871e-01 3.870904678478837013e-03
-2.674998939037322998e-01 3.419099375605583191e-02 -5.940580368041992188e-02 7.508596777915954590e-01 1.778458990156650543e-02 -7.454428076744079590e-01 3.894873196259140968e-03
-2.739354074001312256e-01 3.414305672049522400e-02 -5.938183516263961792e-02 7.502604126930236816e-01 1.778458990156650543e-02 -7.451192140579223633e-01 3.990747034549713135e-03
-2.803709506988525391e-01 3.413107246160507202e-02 -5.936985090374946594e-02 7.495893239974975586e-01 1.778458990156650543e-02 -7.444480657577514648e-01 4.038684070110321045e-03
-2.862432301044464111e-01 3.413107246160507202e-02 -5.938183516263961792e-02 7.484388351440429688e-01 1.776062138378620148e-02 -7.440046668052673340e-01 4.050668329000473022e-03
-2.928585112094879150e-01 3.414305672049522400e-02 -5.932191386818885803e-02 7.478036880493164062e-01 1.773665286600589752e-02 -7.431418299674987793e-01 4.062652587890625000e-03
-2.999771535396575928e-01 3.413107246160507202e-02 -5.928596109151840210e-02 7.469407916069030762e-01 1.772466860711574554e-02 -7.421830892562866211e-01 4.086620640009641647e-03
-3.066044151782989502e-01 3.413107246160507202e-02 -5.922603979706764221e-02 7.447956204414367676e-01 1.771268434822559357e-02 -7.411404252052307129e-01 4.098604898899793625e-03
-3.141544759273529053e-01 3.408313542604446411e-02 -5.920207127928733826e-02 7.436331510543823242e-01 1.766474731266498566e-02 -7.398701310157775879e-01 4.134557675570249557e-03
-3.216805756092071533e-01 3.399924561381340027e-02 -5.916611850261688232e-02 7.425186038017272949e-01 1.758085750043392181e-02 -7.377009391784667969e-01 4.146541934460401535e-03
-3.294703066349029541e-01 3.397527709603309631e-02 -5.865079909563064575e-02 7.421711087226867676e-01 1.753292232751846313e-02 -7.358194589614868164e-01 4.122573416680097580e-03
-3.372361063957214355e-01 3.395130857825279236e-02 -5.857889354228973389e-02 7.421830892562866211e-01 1.754490658640861511e-02 -7.341656088829040527e-01 4.146541934460401535e-03
-3.452655375003814697e-01 3.393932431936264038e-02 -5.851897224783897400e-02 7.419193983078002930e-01 1.753292232751846313e-02 -7.330390810966491699e-01 4.158526193350553513e-03
-3.532350361347198486e-01 3.397527709603309631e-02 -5.783586949110031128e-02 7.418834567070007324e-01 1.752093806862831116e-02 -7.317807674407958984e-01 4.122573416680097580e-03
-3.611925542354583740e-01 3.397527709603309631e-02 -5.781190097332000732e-02 7.414999604225158691e-01 1.752093806862831116e-02 -7.304265499114990234e-01 4.098604898899793625e-03
-3.693777918815612793e-01 3.397527709603309631e-02 -5.775197967886924744e-02 7.411524057388305664e-01 1.752093806862831116e-02 -7.290843129158020020e-01 4.146541934460401535e-03
-3.770476877689361572e-01 3.409511968493461609e-02 -5.759618803858757019e-02 7.413201928138732910e-01 1.753292232751846313e-02 -7.268552184104919434e-01 4.182494711130857468e-03
-3.847415745258331299e-01 3.419099375605583191e-02 -5.753626674413681030e-02 7.412003874778747559e-01 1.753292232751846313e-02 -7.237873077392578125e-01 4.206463228911161423e-03
-3.923036158084869385e-01 3.425091505050659180e-02 -5.739245563745498657e-02 7.410925030708312988e-01 1.750895380973815918e-02 -7.206833958625793457e-01 4.206463228911161423e-03
-4.005487561225891113e-01 3.427488356828689575e-02 -5.729658156633377075e-02 7.409366965293884277e-01 1.750895380973815918e-02 -7.164049744606018066e-01 4.242415539920330048e-03
-4.083504974842071533e-01 3.432282060384750366e-02 -5.718872323632240295e-02 7.409127354621887207e-01 1.752093806862831116e-02 -7.129895091056823730e-01 4.242415539920330048e-03
-4.160803258419036865e-01 3.434678912162780762e-02 -5.712880194187164307e-02 7.409366965293884277e-01 1.753292232751846313e-02 -7.101612091064453125e-01 4.314321093261241913e-03
-4.241337180137634277e-01 3.433480486273765564e-02 -5.697300657629966736e-02 7.409966588020324707e-01 1.752093806862831116e-02 -7.063622474670410156e-01 4.338289611041545868e-03
-4.321032166481018066e-01 3.437075763940811157e-02 -5.684117972850799561e-02 7.409846186637878418e-01 1.752093806862831116e-02 -7.030066251754760742e-01 4.374242387712001801e-03
-4.406000375747680664e-01 3.462242707610130310e-02 -5.634982883930206299e-02 7.407928705215454102e-01 1.750895380973815918e-02 -6.989319920539855957e-01 4.434163216501474380e-03
-4.490129649639129639e-01 3.549727424979209900e-02 -5.594236403703689575e-02 7.407808899879455566e-01 1.752093806862831116e-02 -6.941742897033691406e-01 4.434163216501474380e-03
-4.575577080249786377e-01 3.647998347878456116e-02 -5.525926128029823303e-02 7.408288717269897461e-01 1.749696955084800720e-02 -6.904711127281188965e-01 4.458131734281778336e-03
-4.659586548805236816e-01 3.747467324137687683e-02 -5.444433540105819702e-02 7.409247159957885742e-01 1.749696955084800720e-02 -6.864804029464721680e-01 4.434163216501474380e-03
-4.749947786331176758e-01 3.857722133398056030e-02 -5.323392897844314575e-02 7.410685420036315918e-01 1.748498529195785522e-02 -6.820102930068969727e-01 4.446147475391626358e-03
-4.830841124057769775e-01 3.938016295433044434e-02 -5.023787170648574829e-02 7.408528327941894531e-01 1.741307973861694336e-02 -6.774922013282775879e-01 4.398210439831018448e-03
-4.918445944786071777e-01 4.002731293439865112e-02 -4.763729497790336609e-02 7.411164641380310059e-01 1.741307973861694336e-02 -6.718356609344482422e-01 4.386226646602153778e-03
-5.012162327766418457e-01 4.122573509812355042e-02 -4.633101448416709900e-02 7.410445809364318848e-01 1.736514270305633545e-02 -6.671139001846313477e-01 4.386226646602153778e-03
-5.103242397308349609e-01 4.279566928744316101e-02 -4.580370709300041199e-02 7.412363290786743164e-01 1.735315844416618347e-02 -6.623201966285705566e-01 4.386226646602153778e-03
-5.197318792343139648e-01 4.432965070009231567e-02 -4.509663954377174377e-02 7.408887743949890137e-01 1.731720566749572754e-02 -6.572508811950683594e-01 4.386226646602153778e-03
-5.287560224533081055e-01 4.557600989937782288e-02 -4.339487850666046143e-02 7.410086393356323242e-01 1.730522140860557556e-02 -6.519777774810791016e-01 4.398210439831018448e-03
-5.382954478263854980e-01 4.654673114418983459e-02 -4.044676199555397034e-02 7.410565614700317383e-01 1.729323714971542358e-02 -6.461414694786071777e-01 4.410194698721170425e-03
-5.479786992073059082e-01 4.797285422682762146e-02 -3.755856305360794067e-02 7.410685420036315918e-01 1.728125289082527161e-02 -6.409043669700622559e-01 4.410194698721170425e-03
-5.577098727226257324e-01 4.944691434502601624e-02 -3.541338443756103516e-02 7.410565614700317383e-01 1.728125289082527161e-02 -6.350321173667907715e-01 4.494084510952234268e-03
-5.678605437278747559e-01 5.095692723989486694e-02 -3.248923644423484802e-02 7.409247159957885742e-01 1.726926863193511963e-02 -6.294115185737609863e-01 4.482100252062082291e-03
-5.782748460769653320e-01 5.243098363280296326e-02 -2.885801345109939575e-02 7.411763668060302734e-01 1.724530011415481567e-02 -6.233235001564025879e-01 4.446147475391626358e-03
-5.879940390586853027e-01 5.463608354330062866e-02 -2.557433582842350006e-02 7.410685420036315918e-01 1.723331585526466370e-02 -6.184339523315429688e-01 4.446147475391626358e-03
-5.978211164474487305e-01 5.661347880959510803e-02 -2.175136841833591461e-02 7.409966588020324707e-01 1.718537881970405579e-02 -6.125017404556274414e-01 4.458131734281778336e-03
-6.077200770378112793e-01 5.842309817671775818e-02 -1.771268434822559357e-02 7.410206198692321777e-01 1.716141030192375183e-02 -6.063418984413146973e-01 4.374242387712001801e-03
-6.170677542686462402e-01 6.074803695082664490e-02 -1.438107062131166458e-02 7.412722706794738770e-01 1.716141030192375183e-02 -6.006493568420410156e-01 4.458131734281778336e-03
-6.268109083175659180e-01 6.320480257272720337e-02 -9.719206951558589935e-03 7.413561344146728516e-01 1.711347326636314392e-02 -5.950167775154113770e-01 4.458131734281778336e-03
-6.360267996788024902e-01 6.690792739391326904e-02 -7.526093628257513046e-03 7.412003874778747559e-01 1.708950474858283997e-02 -5.889887213706970215e-01 4.542021546512842178e-03
-6.457939743995666504e-01 6.985604763031005859e-02 -4.506068769842386246e-03 7.413082122802734375e-01 1.706553623080253601e-02 -5.823974013328552246e-01 4.589958116412162781e-03
-6.552974581718444824e-01 7.197725772857666016e-02 -4.913532175123691559e-04 7.412123680114746094e-01 1.705355197191238403e-02 -5.768846273422241211e-01 4.554005805402994156e-03
-6.649926900863647461e-01 7.488942146301269531e-02 2.288986928761005402e-03 7.412842512130737305e-01 1.701759919524192810e-02 -5.724984407424926758e-01 4.613926634192466736e-03
-6.749515533447265625e-01 7.784952968358993530e-02 6.351639516651630402e-03 7.410925030708312988e-01 1.700561493635177612e-02 -5.664224028587341309e-01 4.721784964203834534e-03
-6.848865151405334473e-01 8.074971288442611694e-02 1.140898279845714569e-02 7.410326004028320312e-01 1.681386865675449371e-02 -5.598790049552917480e-01 4.649879410862922668e-03
-6.960318088531494141e-01 8.489625155925750732e-02 1.373392250388860703e-02 7.411763668060302734e-01 1.675394736230373383e-02 -5.538749098777770996e-01 4.733768757432699203e-03
-7.063142657279968262e-01 8.717325329780578613e-02 1.773665286600589752e-02 7.410445809364318848e-01 1.674196310341358185e-02 -5.481824278831481934e-01 4.829642828553915024e-03
-7.168723940849304199e-01 8.974986523389816284e-02 2.160755731165409088e-02 7.408887743949890137e-01 1.671799458563327789e-02 -5.412675142288208008e-01 4.841627087444067001e-03
-7.272387146949768066e-01 9.296163171529769897e-02 2.463956736028194427e-02 7.409247159957885742e-01 1.670601032674312592e-02 -5.352035164833068848e-01 5.045359022915363312e-03
-7.386476993560791016e-01 9.578990936279296875e-02 2.980476804077625275e-02 7.409486770629882812e-01 1.665807329118251801e-02 -5.297986268997192383e-01 5.069327075034379959e-03
-7.499608397483825684e-01 1.005716174840927124e-01 3.233344107866287231e-02 7.409606575965881348e-01 1.662212051451206207e-02 -5.230035781860351562e-01 5.081311333924531937e-03
-7.606507539749145508e-01 1.040350571274757385e-01 3.518568351864814758e-02 7.409007549285888672e-01 1.656219922006130219e-02 -5.160287618637084961e-01 5.069327075034379959e-03
-7.712927460670471191e-01 1.066835746169090271e-01 3.945206850767135620e-02 7.408528327941894531e-01 1.655021496117115021e-02 -5.103242397308349609e-01 5.177185405045747757e-03
-7.817310094833374023e-01 1.097635179758071899e-01 4.252003133296966553e-02 7.409007549285888672e-01 1.652624644339084625e-02 -5.040325522422790527e-01 5.249090492725372314e-03
-7.923849821090698242e-01 1.123281419277191162e-01 4.628307744860649109e-02 7.409007549285888672e-01 1.652624644339084625e-02 -4.968779683113098145e-01 5.332980304956436157e-03
-8.024637103080749512e-01 1.143654584884643555e-01 5.028580874204635620e-02 7.409007549285888672e-01 1.650227792561054230e-02 -4.912213981151580811e-01 5.320996046066284180e-03
-8.124226331710815430e-01 1.170259565114974976e-01 5.198756977915763855e-02 7.409726381301879883e-01 1.649029366672039032e-02 -4.854090511798858643e-01 5.356948822736740112e-03
-8.222856521606445312e-01 1.194347888231277466e-01 5.358147248625755310e-02 7.408887743949890137e-01 1.646632514894008636e-02 -4.783503413200378418e-01 5.416869651526212692e-03
-8.312977552413940430e-01 1.219275072216987610e-01 5.561878904700279236e-02 7.408887743949890137e-01 1.645434089004993439e-02 -4.720945954322814941e-01 5.428853910416364670e-03
-8.392672538757324219e-01 1.239887923002243042e-01 5.843508243560791016e-02 7.409966588020324707e-01 1.645434089004993439e-02 -4.662822484970092773e-01 5.416869651526212692e-03
-8.477041721343994141e-01 1.259062737226486206e-01 6.109558045864105225e-02 7.410805225372314453e-01 1.646632514894008636e-02 -4.598706662654876709e-01 5.440838169306516647e-03
-8.560332059860229492e-01 1.281353384256362915e-01 6.295313686132431030e-02 7.410925030708312988e-01 1.645434089004993439e-02 -4.524044990539550781e-01 5.488775204867124557e-03
-8.646978139877319336e-01 1.297532021999359131e-01 6.525410711765289307e-02 7.411524057388305664e-01 1.653823070228099823e-02 -4.460648596286773682e-01 5.464806687086820602e-03
-8.726313710212707520e-01 1.313351243734359741e-01 6.762698292732238770e-02 7.409127354621887207e-01 1.658616773784160614e-02 -4.395813941955566406e-01 5.476790945976972580e-03
-8.805170059204101562e-01 1.335881650447845459e-01 6.904111802577972412e-02 7.410445809364318848e-01 1.662212051451206207e-02 -4.327623546123504639e-01 5.500759463757276535e-03
-8.889778256416320801e-01 1.358411908149719238e-01 7.013168931007385254e-02 7.412602901458740234e-01 1.664608903229236603e-02 -4.257875382900238037e-01 5.512743722647428513e-03
-8.972589373588562012e-01 1.381781101226806641e-01 7.086272537708282471e-02 7.412123680114746094e-01 1.665807329118251801e-02 -4.194598793983459473e-01 5.512743722647428513e-03
-9.059954285621643066e-01 1.406708359718322754e-01 7.100653648376464844e-02 7.412123680114746094e-01 1.665807329118251801e-02 -4.123771786689758301e-01 5.512743722647428513e-03
-9.136054515838623047e-01 1.434751451015472412e-01 7.115034759044647217e-02 7.410445809364318848e-01 1.663410477340221405e-02 -4.055581688880920410e-01 5.512743722647428513e-03
-9.211794734001159668e-01 1.461476236581802368e-01 7.142598181962966919e-02 7.410925030708312988e-01 1.661013625562191010e-02 -3.991106450557708740e-01 5.524727981537580490e-03
-9.294845461845397949e-01 1.486523300409317017e-01 7.178550958633422852e-02 7.411643862724304199e-01 1.661013625562191010e-02 -3.925672769546508789e-01 5.536712240427732468e-03
-9.381371140480041504e-01 1.512289345264434814e-01 7.197725772857666016e-02 7.413082122802734375e-01 1.661013625562191010e-02 -3.848733901977539062e-01 5.596633069217205048e-03
-9.467178583145141602e-01 1.534699946641921997e-01 7.214503735303878784e-02 7.414041161537170410e-01 1.661013625562191010e-02 -3.784258663654327393e-01 5.596633069217205048e-03
-9.547472596168518066e-01 1.558548510074615479e-01 7.214503735303878784e-02 7.409966588020324707e-01 1.662212051451206207e-02 -3.721341490745544434e-01 5.632585845887660980e-03
-9.632800221443176270e-01 1.582157462835311890e-01 7.218098640441894531e-02 7.411044836044311523e-01 1.663410477340221405e-02 -3.646440207958221436e-01 5.656554363667964935e-03
-9.722082614898681641e-01 1.611758470535278320e-01 7.238472253084182739e-02 7.411044836044311523e-01 1.661013625562191010e-02 -3.584242165088653564e-01 5.680522881448268890e-03
-9.808009862899780273e-01 1.643876135349273682e-01 7.249257713556289673e-02 7.410805225372314453e-01 1.661013625562191010e-02 -3.521684408187866211e-01 5.716475658118724823e-03
-9.899089932441711426e-01 1.675634384155273438e-01 7.257647067308425903e-02 7.411524057388305664e-01 1.659815199673175812e-02 -3.441150486469268799e-01 5.776396486908197403e-03
-9.983578920364379883e-01 1.699363142251968384e-01 7.266035676002502441e-02 7.412123680114746094e-01 1.659815199673175812e-02 -3.368885517120361328e-01 5.836317781358957291e-03
-1.006483197212219238e+00 1.721414178609848022e-01 7.279218733310699463e-02 7.412363290786743164e-01 1.661013625562191010e-02 -3.299856483936309814e-01 5.884254816919565201e-03
-1.013817548751831055e+00 1.750296056270599365e-01 7.294797897338867188e-02 7.411884069442749023e-01 1.661013625562191010e-02 -3.219442367553710938e-01 5.932191386818885803e-03
-1.020804286003112793e+00 1.779058277606964111e-01 7.303186506032943726e-02 7.417756319046020508e-01 1.656219922006130219e-02 -3.140945732593536377e-01 5.944175645709037781e-03
-1.026604652404785156e+00 1.811655312776565552e-01 7.306782156229019165e-02 7.421830892562866211e-01 1.653823070228099823e-02 -3.059332966804504395e-01 5.944175645709037781e-03
-1.030942916870117188e+00 1.846888959407806396e-01 7.305583357810974121e-02 7.423508763313293457e-01 1.657418347895145416e-02 -2.977240979671478271e-01 6.028065457940101624e-03
-1.034837841987609863e+00 1.874332875013351440e-01 7.303186506032943726e-02 7.429500818252563477e-01 1.667005755007266998e-02 -2.899703085422515869e-01 6.111954804509878159e-03
-1.038049578666687012e+00 1.894346475601196289e-01 7.300789654254913330e-02 7.430818676948547363e-01 1.672997884452342987e-02 -2.813416719436645508e-01 6.219812668859958649e-03
-1.041033744812011719e+00 1.908248215913772583e-01 7.297194749116897583e-02 7.432017326354980469e-01 1.675394736230373383e-02 -2.733961343765258789e-01 6.255765445530414581e-03
-1.043430566787719727e+00 1.914120465517044067e-01 7.293599843978881836e-02 7.452870011329650879e-01 1.674196310341358185e-02 -2.657741606235504150e-01 6.279733963310718536e-03
-1.043658256530761719e+00 1.917236298322677612e-01 7.287607342004776001e-02 7.462577223777770996e-01 1.674196310341358185e-02 -2.581282258033752441e-01 6.267749704420566559e-03
-1.043634295463562012e+00 1.917595863342285156e-01 7.243265956640243530e-02 7.477437257766723633e-01 1.674196310341358185e-02 -2.505422234535217285e-01 6.279733963310718536e-03
-1.043658256530761719e+00 1.918075233697891235e-01 7.220495492219924927e-02 7.489061951637268066e-01 1.674196310341358185e-02 -2.435434311628341675e-01 6.279733963310718536e-03
-1.043646216392517090e+00 1.917835623025894165e-01 7.218098640441894531e-02 7.505001425743103027e-01 1.674196310341358185e-02 -2.367603480815887451e-01 6.267749704420566559e-03
-1.043586373329162598e+00 1.917955428361892700e-01 7.213304936885833740e-02 7.530767321586608887e-01 1.675394736230373383e-02 -2.322423011064529419e-01 6.291718222200870514e-03
-1.041105628013610840e+00 1.917835623025894165e-01 7.200122624635696411e-02 7.539635896682739258e-01 1.680188439786434174e-02 -2.286709994077682495e-01 6.279733963310718536e-03
-1.038013696670532227e+00 1.918075233697891235e-01 7.082676887512207031e-02 7.560368180274963379e-01 1.696966215968132019e-02 -2.249319255352020264e-01 6.291718222200870514e-03
-1.034106850624084473e+00 1.918075233697891235e-01 7.017962634563446045e-02 7.582898736000061035e-01 1.701759919524192810e-02 -2.216122895479202271e-01 6.327670998871326447e-03
-1.030307769775390625e+00 1.917955428361892700e-01 6.971223652362823486e-02 7.616693973541259766e-01 1.711347326636314392e-02 -2.179091721773147583e-01 6.339655257761478424e-03
-1.025022745132446289e+00 1.918554604053497314e-01 6.880144029855728149e-02 7.635269761085510254e-01 1.714942604303359985e-02 -2.133911103010177612e-01 6.375608034431934357e-03
-1.019234418869018555e+00 1.917476058006286621e-01 6.840595602989196777e-02 7.656961083412170410e-01 1.720934733748435974e-02 -2.101913243532180786e-01 6.399576086550951004e-03
-1.013362169265747070e+00 1.900937855243682861e-01 6.803444772958755493e-02 7.678412795066833496e-01 1.720934733748435974e-02 -2.068357467651367188e-01 6.387591827660799026e-03
-1.007286071777343750e+00 1.882242411375045776e-01 6.765095144510269165e-02 7.721196413040161133e-01 1.723331585526466370e-02 -2.042351663112640381e-01 6.387591827660799026e-03
-1.000514984130859375e+00 1.855277866125106812e-01 6.654839962720870972e-02 7.752115726470947266e-01 1.722133159637451172e-02 -2.019941210746765137e-01 6.471481639891862869e-03
-9.936959743499755859e-01 1.827953904867172241e-01 6.600911170244216919e-02 7.785791754722595215e-01 1.722133159637451172e-02 -2.002204507589340210e-01 6.471481639891862869e-03
-9.874641895294189453e-01 1.802906841039657593e-01 6.568554043769836426e-02 7.828335762023925781e-01 1.719736307859420776e-02 -1.974281221628189087e-01 6.495450157672166824e-03
-9.795426130294799805e-01 1.778698712587356567e-01 6.573347747325897217e-02 7.837923169136047363e-01 1.713744178414344788e-02 -1.948515176773071289e-01 6.471481639891862869e-03
-9.719206690788269043e-01 1.754850149154663086e-01 6.568554043769836426e-02 7.857217788696289062e-01 1.717339456081390381e-02 -1.932576149702072144e-01 6.483465898782014847e-03
-9.653173685073852539e-01 1.729563325643539429e-01 6.558966636657714844e-02 7.882863879203796387e-01 1.713744178414344788e-02 -1.915918141603469849e-01 6.495450157672166824e-03
-9.593012928962707520e-01 1.699722707271575928e-01 6.551776081323623657e-02 7.911745905876159668e-01 1.710148900747299194e-02 -1.905731558799743652e-01 6.495450157672166824e-03
-9.521227478981018066e-01 1.670960485935211182e-01 6.558966636657714844e-02 7.921333312988281250e-01 1.701759919524192810e-02 -1.901776641607284546e-01 6.483465898782014847e-03
-9.440932869911193848e-01 1.640760302543640137e-01 6.561363488435745239e-02 7.931879162788391113e-01 1.686180569231510162e-02 -1.899859160184860229e-01 6.495450157672166824e-03
-9.360878467559814453e-01 1.612237840890884399e-01 6.555370986461639404e-02 7.948178052902221680e-01 1.682585291564464569e-02 -1.898061633110046387e-01 6.495450157672166824e-03
-9.283220767974853516e-01 1.588868647813796997e-01 6.552974134683609009e-02 7.961360216140747070e-01 1.684982143342494965e-02 -1.898421049118041992e-01 6.507434416562318802e-03
-9.208798408508300781e-01 1.560945361852645874e-01 6.549379229545593262e-02 7.977898716926574707e-01 1.682585291564464569e-02 -1.898900419473648071e-01 6.507434416562318802e-03
-9.137611985206604004e-01 1.520798206329345703e-01 6.543386727571487427e-02 7.995635271072387695e-01 1.681386865675449371e-02 -1.902615576982498169e-01 6.627276539802551270e-03
-9.052643775939941406e-01 1.481489986181259155e-01 6.532601267099380493e-02 8.004983067512512207e-01 1.681386865675449371e-02 -1.905012428760528564e-01 6.771087180823087692e-03
-8.968754410743713379e-01 1.441222876310348511e-01 6.459497660398483276e-02 8.013611435890197754e-01 1.680188439786434174e-02 -1.908847391605377197e-01 6.986803375184535980e-03
-8.880310654640197754e-01 1.413659155368804932e-01 6.356433033943176270e-02 8.015649318695068359e-01 1.680188439786434174e-02 -1.915199011564254761e-01 7.106645498424768448e-03
-8.785755634307861328e-01 1.382979601621627808e-01 6.253368407487869263e-02 8.017446398735046387e-01 1.681386865675449371e-02 -1.921071261167526245e-01 7.190535310655832291e-03
-8.693357110023498535e-01 1.351461112499237061e-01 6.131129711866378784e-02 8.017206788063049316e-01 1.681386865675449371e-02 -1.929100751876831055e-01 7.262440398335456848e-03
-8.587775826454162598e-01 1.311913132667541504e-01 6.050835177302360535e-02 8.018884658813476562e-01 1.681386865675449371e-02 -1.936650872230529785e-01 7.322361692786216736e-03
-8.489385247230529785e-01 1.271166801452636719e-01 5.966945737600326538e-02 8.020203113555908203e-01 1.681386865675449371e-02 -1.944200843572616577e-01 7.334345951676368713e-03
-8.386680483818054199e-01 1.231978386640548706e-01 5.890246853232383728e-02 8.020802140235900879e-01 1.681386865675449371e-02 -1.953908056020736694e-01 7.382282521575689316e-03
-8.284215331077575684e-01 1.194587573409080505e-01 5.790777504444122314e-02 8.019963502883911133e-01 1.683783717453479767e-02 -1.964813768863677979e-01 7.490140851587057114e-03
-8.178035020828247070e-01 1.158754751086235046e-01 5.624197050929069519e-02 8.021041750907897949e-01 1.681386865675449371e-02 -1.976917833089828491e-01 7.633951492607593536e-03
-8.073652982711791992e-01 1.115491688251495361e-01 5.525926128029823303e-02 8.021281361579895020e-01 1.686180569231510162e-02 -1.995613127946853638e-01 7.729825098067522049e-03
-7.974423170089721680e-01 1.084093004465103149e-01 5.355750396847724915e-02 8.021041750907897949e-01 1.683783717453479767e-02 -2.020420581102371216e-01 7.801730651408433914e-03
-7.871838212013244629e-01 1.058326959609985352e-01 5.038168281316757202e-02 8.021281361579895020e-01 1.687378995120525360e-02 -2.052058875560760498e-01 7.921572774648666382e-03
-7.772728800773620605e-01 1.021056026220321655e-01 4.929111897945404053e-02 8.020802140235900879e-01 1.690974272787570953e-02 -2.078783661127090454e-01 8.089352399110794067e-03
-7.670263648033142090e-01 9.824667870998382568e-02 4.818857088685035706e-02 8.021281361579895020e-01 1.695767790079116821e-02 -2.111500650644302368e-01 8.329036645591259003e-03
-7.575708031654357910e-01 9.479521960020065308e-02 4.731371998786926270e-02 8.019244074821472168e-01 1.690974272787570953e-02 -2.143858075141906738e-01 8.712531998753547668e-03
-7.481632232666015625e-01 9.166733920574188232e-02 4.703808575868606567e-02 8.018525242805480957e-01 1.695767790079116821e-02 -2.174777388572692871e-01 8.928247727453708649e-03
-7.393667697906494141e-01 8.894691616296768188e-02 4.705007001757621765e-02 8.018165826797485352e-01 1.695767790079116821e-02 -2.222714275121688843e-01 9.024121798574924469e-03
-7.307141423225402832e-01 8.639428019523620605e-02 4.685832187533378601e-02 8.018046021461486816e-01 1.698164641857147217e-02 -2.269692420959472656e-01 9.084043093025684357e-03
-7.217619419097900391e-01 8.404537290334701538e-02 4.681038483977317810e-02 8.017686605453491211e-01 1.698164641857147217e-02 -2.326257973909378052e-01 9.299758821725845337e-03
-7.129535675048828125e-01 8.163654059171676636e-02 4.659466817975044250e-02 8.009536862373352051e-01 1.696966215968132019e-02 -2.375872582197189331e-01 9.731191210448741913e-03
-7.058708667755126953e-01 7.916779071092605591e-02 4.649879410862922668e-02 8.006660938262939453e-01 1.696966215968132019e-02 -2.440587431192398071e-01 1.052214950323104858e-02
-6.993274688720703125e-01 7.711848616600036621e-02 4.639093577861785889e-02 8.004863262176513672e-01 1.694569364190101624e-02 -2.505182325839996338e-01 1.172057259827852249e-02
-6.927121877670288086e-01 7.557252794504165649e-02 4.631903022527694702e-02 7.999110817909240723e-01 1.694569364190101624e-02 -2.571215629577636719e-01 1.408146508038043976e-02
-6.863725185394287109e-01 7.414640486240386963e-02 4.622315615415573120e-02 7.998152375221252441e-01 1.690974272787570953e-02 -2.633892893791198730e-01 1.665807329118251801e-02
-6.801287531852722168e-01 7.286409288644790649e-02 4.613926634192466736e-02 7.998031973838806152e-01 1.689775846898555756e-02 -2.701843678951263428e-01 1.898301206529140472e-02
-6.737052202224731445e-01 7.154582440853118896e-02 4.603140801191329956e-02 7.994676828384399414e-01 1.690974272787570953e-02 -2.772430777549743652e-01 2.173938415944576263e-02
-6.672936677932739258e-01 6.998787820339202881e-02 4.599545523524284363e-02 7.993238568305969238e-01 1.689775846898555756e-02 -2.841579616069793701e-01 2.418416738510131836e-02
-6.608221530914306641e-01 6.831008195877075195e-02 4.598347097635269165e-02 7.991920113563537598e-01 1.689775846898555756e-02 -2.917559742927551270e-01 2.581402100622653961e-02
-6.543147563934326172e-01 6.696785241365432739e-02 4.592354968190193176e-02 7.990242242813110352e-01 1.688577421009540558e-02 -3.004085719585418701e-01 2.710831724107265472e-02
-6.476634740829467773e-01 6.600911170244216919e-02 4.591156542301177979e-02 7.989163994789123535e-01 1.688577421009540558e-02 -3.071197271347045898e-01 2.805507183074951172e-02
-6.405448317527770996e-01 6.534998118877410889e-02 4.574378952383995056e-02 7.985329031944274902e-01 1.690974272787570953e-02 -3.163236379623413086e-01 2.884603105485439301e-02
-6.333662867546081543e-01 6.460695713758468628e-02 4.565989971160888672e-02 7.975262403488159180e-01 1.695767790079116821e-02 -3.242811560630798340e-01 2.951714769005775452e-02
-6.256604194641113281e-01 6.383996456861495972e-02 4.559997841715812683e-02 7.965674996376037598e-01 1.693370938301086426e-02 -3.319990038871765137e-01 3.010437451303005219e-02
-6.185418367385864258e-01 6.306099146604537964e-02 4.556402564048767090e-02 7.958005070686340332e-01 1.693370938301086426e-02 -3.413706421852111816e-01 3.069160133600234985e-02
-6.115310192108154297e-01 6.217416003346443176e-02 4.555204138159751892e-02 7.942066192626953125e-01 1.692172512412071228e-02 -3.489446938037872314e-01 3.121890686452388763e-02
-6.037892103195190430e-01 6.137121841311454773e-02 4.555204138159751892e-02 7.922771573066711426e-01 1.692172512412071228e-02 -3.600181043148040771e-01 3.197391331195831299e-02
-5.962391495704650879e-01 6.072406843304634094e-02 4.556402564048767090e-02 7.906592488288879395e-01 1.687378995120525360e-02 -3.685868382453918457e-01 3.301654011011123657e-02
-5.892882943153381348e-01 5.990914255380630493e-02 4.555204138159751892e-02 7.903476953506469727e-01 1.688577421009540558e-02 -3.779105544090270996e-01 3.409511968493461609e-02
-5.821097493171691895e-01 5.885453149676322937e-02 4.550410434603691101e-02 7.891492247581481934e-01 1.699363067746162415e-02 -3.876057863235473633e-01 3.529354184865951538e-02
-5.757461786270141602e-01 5.723666027188301086e-02 4.539624601602554321e-02 7.888736128807067871e-01 1.695767790079116821e-02 -3.964980840682983398e-01 3.661180660128593445e-02
-5.690230131149291992e-01 5.548696219921112061e-02 4.515656083822250366e-02 7.884781360626220703e-01 1.699363067746162415e-02 -4.059776067733764648e-01 3.844539448618888855e-02
-5.612452626228332520e-01 5.455219373106956482e-02 4.428171366453170776e-02 7.875193953514099121e-01 1.707752048969268799e-02 -4.153612554073333740e-01 4.062652215361595154e-02
-5.540786981582641602e-01 5.377321690320968628e-02 4.271177947521209717e-02 7.868003249168395996e-01 1.708950474858283997e-02 -4.246130883693695068e-01 4.275971651077270508e-02
-5.470079779624938965e-01 5.262273177504539490e-02 4.041080921888351440e-02 7.857577204704284668e-01 1.711347326636314392e-02 -4.337570369243621826e-01 4.431766644120216370e-02
-5.401170253753662109e-01 5.105280131101608276e-02 3.882889077067375183e-02 7.844154834747314453e-01 1.711347326636314392e-02 -4.431287050247192383e-01 4.583965986967086792e-02
-5.329504609107971191e-01 4.935104027390480042e-02 3.748665750026702881e-02 7.832410335540771484e-01 1.716141030192375183e-02 -4.521648287773132324e-01 4.658268392086029053e-02
-5.261913537979125977e-01 4.799682274460792542e-02 3.595267608761787415e-02 7.822343707084655762e-01 1.716141030192375183e-02 -4.613567292690277100e-01 4.712197184562683105e-02
-5.194442868232727051e-01 4.762531071901321411e-02 3.326820954680442810e-02 7.816830873489379883e-01 1.719736307859420776e-02 -4.711118638515472412e-01 4.742157831788063049e-02
-5.123136639595031738e-01 4.752943664789199829e-02 2.996056340634822845e-02 7.811797261238098145e-01 1.723331585526466370e-02 -4.803756773471832275e-01 4.763729497790336609e-02
-5.054706335067749023e-01 4.660665243864059448e-02 2.829475514590740204e-02 7.811797261238098145e-01 1.738911122083663940e-02 -4.888724982738494873e-01 4.782904312014579773e-02
-4.991190135478973389e-01 4.556402564048767090e-02 2.696450613439083099e-02 7.810119390487670898e-01 1.747300103306770325e-02 -4.986396431922912598e-01 4.790094867348670959e-02
-4.927553832530975342e-01 4.476108029484748840e-02 2.637727931141853333e-02 7.810119390487670898e-01 1.746101677417755127e-02 -5.062856078147888184e-01 4.791293293237686157e-02
-4.859962761402130127e-01 4.393417015671730042e-02 2.634132653474807739e-02 7.809520363807678223e-01 1.743704825639724731e-02 -5.163043737411499023e-01 4.785301163792610168e-02
-4.798124134540557861e-01 4.309527575969696045e-02 2.632934227585792542e-02 7.809759974479675293e-01 1.746101677417755127e-02 -5.236267447471618652e-01 4.779309034347534180e-02
-4.724181592464447021e-01 4.236423596739768982e-02 2.630537375807762146e-02 7.810719013214111328e-01 1.742506399750709534e-02 -5.324831008911132812e-01 4.769721627235412598e-02
-4.651317596435546875e-01 4.150137305259704590e-02 2.632934227585792542e-02 7.812036871910095215e-01 1.741307973861694336e-02 -5.409439802169799805e-01 4.746951535344123840e-02
-4.584565460681915283e-01 4.032691940665245056e-02 2.630537375807762146e-02 7.813714742660522461e-01 1.734117418527603149e-02 -5.479547381401062012e-01 4.715792462229728699e-02
-4.510502815246582031e-01 3.898468613624572754e-02 2.631735801696777344e-02 7.814673781394958496e-01 1.730522140860557556e-02 -5.575900673866271973e-01 4.683435335755348206e-02
-4.431287050247192383e-01 3.773832693696022034e-02 2.635331079363822937e-02 7.814074158668518066e-01 1.728125289082527161e-02 -5.652599334716796875e-01 4.659466817975044250e-02
-4.349554777145385742e-01 3.646799921989440918e-02 2.646116912364959717e-02 7.817310094833374023e-01 1.728125289082527161e-02 -5.730257034301757812e-01 4.639093577861785889e-02
-4.265545308589935303e-01 3.506584465503692627e-02 2.654505893588066101e-02 7.817549705505371094e-01 1.723331585526466370e-02 -5.819060206413269043e-01 4.624712467193603516e-02
-4.188127219676971436e-01 3.344797343015670776e-02 2.659299597144126892e-02 7.818868160247802734e-01 1.718537881970405579e-02 -5.890126824378967285e-01 4.603140801191329956e-02
-4.109270870685577393e-01 3.196192905306816101e-02 2.658101171255111694e-02 7.820785641670227051e-01 1.718537881970405579e-02 -5.979409217834472656e-01 4.594751819968223572e-02
-4.028617143630981445e-01 3.023619949817657471e-02 2.661696448922157288e-02 7.819347381591796875e-01 1.714942604303359985e-02 -6.058864593505859375e-01 4.563593119382858276e-02
-3.955872952938079834e-01 2.835467644035816193e-02 2.679672837257385254e-02 7.819467186927795410e-01 1.712545752525329590e-02 -6.132567524909973145e-01 4.522846639156341553e-02
-3.886244595050811768e-01 2.666490152478218079e-02 2.707236446440219879e-02 7.820066213607788086e-01 1.702958345413208008e-02 -6.216098070144653320e-01 4.464123770594596863e-02
-3.823806643486022949e-01 2.471147291362285614e-02 2.709633298218250275e-02 7.821025252342224121e-01 1.692172512412071228e-02 -6.290280222892761230e-01 4.403004422783851624e-02
-3.760649859905242920e-01 2.239851653575897217e-02 2.714427001774311066e-02 7.821983695030212402e-01 1.686180569231510162e-02 -6.358470320701599121e-01 4.361059516668319702e-02
-3.700009584426879883e-01 2.037318237125873566e-02 2.755173295736312866e-02 7.821983695030212402e-01 1.676593162119388580e-02 -6.427260041236877441e-01 4.314320906996726990e-02
-3.636133670806884766e-01 1.900698058307170868e-02 2.793522924184799194e-02 7.821983695030212402e-01 1.674196310341358185e-02 -6.497487425804138184e-01 4.262788966298103333e-02
-3.574654757976531982e-01 1.754490658640861511e-02 2.854642458260059357e-02 7.821983695030212402e-01 1.659815199673175812e-02 -6.555011868476867676e-01 4.183692857623100281e-02
-3.519527316093444824e-01 1.555552426725625992e-02 2.873817272484302521e-02 7.822583317756652832e-01 1.650227792561054230e-02 -6.622962355613708496e-01 4.077033326029777527e-02
-3.464399874210357666e-01 1.323058456182479858e-02 2.878610976040363312e-02 7.822822928428649902e-01 1.647830940783023834e-02 -6.680486798286437988e-01 3.938016295433044434e-02
-3.413107395172119141e-01 1.059405505657196045e-02 2.881007827818393707e-02 7.823182344436645508e-01 1.646632514894008636e-02 -6.737172007560729980e-01 3.791808709502220154e-02
-3.361814916133880615e-01 8.376973681151866913e-03 2.878610976040363312e-02 7.822942733764648438e-01 1.644235663115978241e-02 -6.782711744308471680e-01 3.680355474352836609e-02
-3.322386741638183594e-01 6.723150145262479782e-03 2.886999770998954773e-02 7.832649946212768555e-01 1.643037237226963043e-02 -6.834363937377929688e-01 3.508981317281723022e-02
-3.260667920112609863e-01 5.476790945976972580e-03 2.890595048666000366e-02 7.835525870323181152e-01 1.641838811337947845e-02 -6.886495351791381836e-01 3.328019380569458008e-02
-3.199189007282257080e-01 4.062652587890625000e-03 2.888198196887969971e-02 7.836964130401611328e-01 1.640640385448932648e-02 -6.932275295257568359e-01 3.096723742783069611e-02
-3.138069510459899902e-01 2.516687382012605667e-03 2.878610976040363312e-02 7.839960455894470215e-01 1.641838811337947845e-02 -6.974459290504455566e-01 2.803110331296920776e-02
-3.082103133201599121e-01 1.318264752626419067e-03 2.873817272484302521e-02 7.842596769332885742e-01 1.643037237226963043e-02 -7.012569308280944824e-01 2.646116912364959717e-02
-3.027335107326507568e-01 5.512743373401463032e-04 2.867825143039226532e-02 7.850865721702575684e-01 1.647830940783023834e-02 -7.063022851943969727e-01 2.553838491439819336e-02
-2.975323498249053955e-01 -4.793690095539204776e-05 2.853444032371044159e-02 7.859135270118713379e-01 1.661013625562191010e-02 -7.105566859245300293e-01 2.505901455879211426e-02
-2.934577167034149170e-01 -3.475425182841718197e-04 2.853444032371044159e-02 7.875553369522094727e-01 1.674196310341358185e-02 -7.147152423858642578e-01 2.478337846696376801e-02
-2.896587252616882324e-01 -4.074636672157794237e-04 2.842658199369907379e-02 7.883942127227783203e-01 1.680188439786434174e-02 -7.178071737289428711e-01 2.467552013695240021e-02
-2.863870263099670410e-01 -4.314320976845920086e-04 2.837864495813846588e-02 7.899042367935180664e-01 1.690974272787570953e-02 -7.214743494987487793e-01 2.461559884250164032e-02
-2.828876376152038574e-01 -4.314320976845920086e-04 2.835467644035816193e-02 7.913423776626586914e-01 1.690974272787570953e-02 -7.258605360984802246e-01 2.461559884250164032e-02
-2.792324423789978027e-01 -4.434163274709135294e-04 2.839062921702861786e-02 7.918097376823425293e-01 1.693370938301086426e-02 -7.302587628364562988e-01 2.461559884250164032e-02
-2.763082981109619141e-01 -4.194478970021009445e-04 2.837864495813846588e-02 7.927085757255554199e-01 1.705355197191238403e-02 -7.345131635665893555e-01 2.463956736028194427e-02
-2.740672528743743896e-01 -4.194478970021009445e-04 2.839062921702861786e-02 7.930681109428405762e-01 1.728125289082527161e-02 -7.374492883682250977e-01 2.466353587806224823e-02
-2.715984880924224854e-01 -4.194478970021009445e-04 2.837864495813846588e-02 7.930681109428405762e-01 1.729323714971542358e-02 -7.406371235847473145e-01 2.465155161917209625e-02
-2.697289586067199707e-01 -3.954794374294579029e-04 2.837864495813846588e-02 7.931280136108398438e-01 1.730522140860557556e-02 -7.437649965286254883e-01 2.465155161917209625e-02
-2.683507800102233887e-01 -3.954794374294579029e-04 2.840261347591876984e-02 7.933077812194824219e-01 1.740109547972679138e-02 -7.469048500061035156e-01 2.465155161917209625e-02
-2.674279808998107910e-01 -3.715109778568148613e-04 2.829475514590740204e-02 7.934516072273254395e-01 1.748498529195785522e-02 -7.501166462898254395e-01 2.466353587806224823e-02
-2.664332985877990723e-01 -3.715109778568148613e-04 2.825880236923694611e-02 7.935115098953247070e-01 1.753292232751846313e-02 -7.537598013877868652e-01 2.467552013695240021e-02
-2.653307616710662842e-01 -3.595267480704933405e-04 2.825880236923694611e-02 7.935474514961242676e-01 1.754490658640861511e-02 -7.559649348258972168e-01 2.474742569029331207e-02
-2.640364468097686768e-01 -2.756371686700731516e-04 2.821086533367633820e-02 7.936313748359680176e-01 1.758085750043392181e-02 -7.580142021179199219e-01 2.486726827919483185e-02
-2.623107135295867920e-01 -2.157160488422960043e-04 2.825880236923694611e-02 7.937272191047668457e-01 1.765276305377483368e-02 -7.597519159317016602e-01 2.492718771100044250e-02
-2.606688737869262695e-01 -2.037318336078897119e-04 2.807904034852981567e-02 7.939069867134094238e-01 1.766474731266498566e-02 -7.616813778877258301e-01 2.495115622878074646e-02
-2.593266367912292480e-01 -2.396845084149390459e-04 2.794721350073814392e-02 7.947938442230224609e-01 1.771268434822559357e-02 -7.635748982429504395e-01 2.501107752323150635e-02
-2.585356831550598145e-01 -2.636529679875820875e-04 2.770752832293510437e-02 7.963877320289611816e-01 1.773665286600589752e-02 -7.652766704559326172e-01 2.507099881768226624e-02
-2.580922842025756836e-01 -2.876213984563946724e-04 2.756371721625328064e-02 7.987366318702697754e-01 1.777260564267635345e-02 -7.670143842697143555e-01 2.516687288880348206e-02
-2.579484581947326660e-01 -2.996056282427161932e-04 2.744387648999691010e-02 8.014929890632629395e-01 1.779657416045665741e-02 -7.689318656921386719e-01 2.525076270103454590e-02
-2.571694850921630859e-01 -2.996056282427161932e-04 2.749181352555751801e-02 8.027274012565612793e-01 1.780855841934680939e-02 -7.714725136756896973e-01 2.525076270103454590e-02
-2.566541731357574463e-01 -2.876213984563946724e-04 2.749181352555751801e-02 8.033984899520874023e-01 1.783252693712711334e-02 -7.740011811256408691e-01 2.527473121881484985e-02
-2.566062211990356445e-01 -2.876213984563946724e-04 2.749181352555751801e-02 8.038179278373718262e-01 1.784451119601726532e-02 -7.757388949394226074e-01 2.528671547770500183e-02
-2.567260861396789551e-01 -2.277002786286175251e-04 2.756371721625328064e-02 8.038658499717712402e-01 1.784451119601726532e-02 -7.773807644844055176e-01 2.523877844214439392e-02
-2.568938434123992920e-01 -8.388957940042018890e-05 2.762363851070404053e-02 8.038418889045715332e-01 1.784451119601726532e-02 -7.790345549583435059e-01 2.525076270103454590e-02
-2.572413980960845947e-01 2.396845047769602388e-05 2.763562276959419250e-02 8.038538694381713867e-01 1.783252693712711334e-02 -7.804366946220397949e-01 2.523877844214439392e-02
-2.575050592422485352e-01 1.198422542074695230e-04 2.770752832293510437e-02 8.038538694381713867e-01 1.784451119601726532e-02 -7.814313769340515137e-01 2.522679418325424194e-02
-2.577087879180908203e-01 2.277002786286175251e-04 2.785133942961692810e-02 8.038418889045715332e-01 1.785649545490741730e-02 -7.821264863014221191e-01 2.523877844214439392e-02
-2.577447295188903809e-01 3.235740878153592348e-04 2.785133942961692810e-02 8.038299083709716797e-01 1.786847971379756927e-02 -7.825459241867065430e-01 2.523877844214439392e-02
-2.577567100524902344e-01 4.434163274709135294e-04 2.785133942961692810e-02 8.038299083709716797e-01 1.785649545490741730e-02 -7.828335762023925781e-01 2.527473121881484985e-02
-2.575649619102478027e-01 5.033374764025211334e-04 2.785133942961692810e-02 8.038898706436157227e-01 1.786847971379756927e-02 -7.829893827438354492e-01 2.527473121881484985e-02
-2.573252916336059570e-01 5.153216770850121975e-04 2.789927646517753601e-02 8.040456175804138184e-01 1.785649545490741730e-02 -7.830732464790344238e-01 2.531068399548530579e-02
-2.571934461593627930e-01 5.632585962302982807e-04 2.787530794739723206e-02 8.043093085289001465e-01 1.786847971379756927e-02 -7.830852270126342773e-01 2.528671547770500183e-02
-2.571814656257629395e-01 6.231797160580754280e-04 2.786332368850708008e-02 8.044171333312988281e-01 1.786847971379756927e-02 -7.830972075462341309e-01 2.527473121881484985e-02
-2.571575045585632324e-01 6.471481756307184696e-04 2.792324498295783997e-02 8.044410943984985352e-01 1.786847971379756927e-02 -7.831211686134338379e-01 2.527473121881484985e-02
-2.571455240249633789e-01 6.711166352033615112e-04 2.789927646517753601e-02 8.044770956039428711e-01 1.786847971379756927e-02 -7.831571102142333984e-01 2.528671547770500183e-02
-2.571335434913635254e-01 6.711166352033615112e-04 2.791126072406768799e-02 8.045010566711425781e-01 1.786847971379756927e-02 -7.831571102142333984e-01 2.531068399548530579e-02
-2.571215629577636719e-01 7.789746159687638283e-04 2.795919775962829590e-02 8.045010566711425781e-01 1.788046397268772125e-02 -7.831690907478332520e-01 2.532266825437545776e-02
-2.571335434913635254e-01 8.988169138319790363e-04 2.795919775962829590e-02 8.045369982719421387e-01 1.786847971379756927e-02 -7.831690907478332520e-01 2.532266825437545776e-02
-2.571095824241638184e-01 1.138501451350748539e-03 2.795919775962829590e-02 8.045369982719421387e-01 1.788046397268772125e-02 -7.831690907478332520e-01 2.535862103104591370e-02
-2.571095824241638184e-01 1.701759989373385906e-03 2.791126072406768799e-02 8.045609593391418457e-01 1.790443249046802521e-02 -7.831690907478332520e-01 2.538258954882621765e-02
-2.570616304874420166e-01 2.133192028850317001e-03 2.792324498295783997e-02 8.045849204063415527e-01 1.789244823157787323e-02 -7.831811308860778809e-01 2.541854232549667358e-02
-2.569657564163208008e-01 2.432797802612185478e-03 2.793522924184799194e-02 8.046688437461853027e-01 1.792840100824832916e-02 -7.831690907478332520e-01 2.547846361994743347e-02
-2.568099498748779297e-01 2.840261440724134445e-03 2.797118201851844788e-02 8.048126101493835449e-01 1.792840100824832916e-02 -7.831571102142333984e-01 2.546647936105728149e-02
-2.567140758037567139e-01 3.032008884474635124e-03 2.795919775962829590e-02 8.054118156433105469e-01 1.795236952602863312e-02 -7.831690907478332520e-01 2.546647936105728149e-02
-2.566781342029571533e-01 4.853611346334218979e-03 2.798316627740859985e-02 8.065623044967651367e-01 1.797633804380893707e-02 -7.831571102142333984e-01 2.549044787883758545e-02
-2.567380666732788086e-01 7.370298728346824646e-03 2.804308757185935974e-02 8.085157275199890137e-01 1.800030656158924103e-02 -7.831931114196777344e-01 2.557433582842350006e-02
-2.567740082740783691e-01 1.066596060991287231e-02 2.827078662812709808e-02 8.114638924598693848e-01 1.803625933825969696e-02 -7.831931114196777344e-01 2.561028860509395599e-02
-2.565103471279144287e-01 1.409344933927059174e-02 2.847451902925968170e-02 8.142082691192626953e-01 1.807221211493015289e-02 -7.831811308860778809e-01 2.574211545288562775e-02
-2.563066184520721436e-01 1.752093806862831116e-02 2.860634587705135345e-02 8.176597356796264648e-01 1.807221211493015289e-02 -7.832769751548767090e-01 2.582600526511669159e-02
-2.562826573848724365e-01 2.147573232650756836e-02 2.858237735927104950e-02 8.223096132278442383e-01 1.807221211493015289e-02 -7.833009362220764160e-01 2.596981637179851532e-02
-2.549284398555755615e-01 2.598180063068866730e-02 2.861833013594150543e-02 8.244428038597106934e-01 1.809618063271045685e-02 -7.831571102142333984e-01 2.611362747848033905e-02
-2.530828714370727539e-01 3.087136335670948029e-02 2.865428291261196136e-02 8.251738548278808594e-01 1.810816489160060883e-02 -7.832290530204772949e-01 2.619751729071140289e-02
-2.509496808052062988e-01 3.578489646315574646e-02 2.869023568928241730e-02 8.254135251045227051e-01 1.810816489160060883e-02 -7.833129167556762695e-01 2.620949968695640564e-02
-2.487325966358184814e-01 4.068644344806671143e-02 2.876214124262332916e-02 8.259288072586059570e-01 1.812014915049076080e-02 -7.833968400955200195e-01 2.624545246362686157e-02
-2.471626549959182739e-01 4.591156542301177979e-02 2.878610976040363312e-02 8.273669481277465820e-01 1.810816489160060883e-02 -7.834687232971191406e-01 2.634132653474807739e-02
-2.459043115377426147e-01 5.088502168655395508e-02 2.894190326333045959e-02 8.298237323760986328e-01 1.810816489160060883e-02 -7.836365103721618652e-01 2.638926357030868530e-02
-2.440707385540008545e-01 5.581053718924522400e-02 2.907373011112213135e-02 8.319089412689208984e-01 1.813213340938091278e-02 -7.837203741073608398e-01 2.637727931141853333e-02
-2.415540367364883423e-01 6.025668606162071228e-02 2.920555695891380310e-02 8.333351016044616699e-01 1.812014915049076080e-02 -7.838881611824035645e-01 2.636529505252838135e-02
-2.386418730020523071e-01 6.475076824426651001e-02 2.912166714668273926e-02 8.347492218017578125e-01 1.812014915049076080e-02 -7.840799093246459961e-01 2.640124782919883728e-02
-2.364247888326644897e-01 6.877747178077697754e-02 2.913365140557289124e-02 8.372659087181091309e-01 1.812014915049076080e-02 -7.842117547988891602e-01 2.640124782919883728e-02
-2.340878695249557495e-01 7.279218733310699463e-02 2.921754121780395508e-02 8.399024605751037598e-01 1.813213340938091278e-02 -7.842716574668884277e-01 2.637727931141853333e-02
-2.307203114032745361e-01 7.766976207494735718e-02 2.931341528892517090e-02 8.411967158317565918e-01 1.812014915049076080e-02 -7.844154834747314453e-01 2.635331079363822937e-02
-2.278201282024383545e-01 8.178035169839859009e-02 2.932539954781532288e-02 8.425989151000976562e-01 1.813213340938091278e-02 -7.844394445419311523e-01 2.634132653474807739e-02
-2.252674847841262817e-01 8.571118116378784180e-02 2.937333658337593079e-02 8.441329002380371094e-01 1.812014915049076080e-02 -7.844873666763305664e-01 2.632934227585792542e-02
-2.222354710102081299e-01 8.982177078723907471e-02 2.950516343116760254e-02 8.452953696250915527e-01 1.812014915049076080e-02 -7.844514250755310059e-01 2.631735801696777344e-02
-2.189997285604476929e-01 9.408815205097198486e-02 2.976881526410579681e-02 8.463739156723022461e-01 1.810816489160060883e-02 -7.844753861427307129e-01 2.629338949918746948e-02
-2.166628092527389526e-01 9.810286760330200195e-02 2.979278378188610077e-02 8.483873009681701660e-01 1.808419637382030487e-02 -7.845233082771301270e-01 2.628140524029731750e-02
-2.146973907947540283e-01 1.023093312978744507e-01 2.990064211189746857e-02 8.511077165603637695e-01 1.807221211493015289e-02 -7.845952510833740234e-01 2.628140524029731750e-02
-2.120728492736816406e-01 1.067674607038497925e-01 3.010437451303005219e-02 8.531569838523864746e-01 1.803625933825969696e-02 -7.846311926841735840e-01 2.625743672251701355e-02
-2.093164771795272827e-01 1.112855151295661926e-01 3.023619949817657471e-02 8.560092449188232422e-01 1.802427507936954498e-02 -7.846791148185729980e-01 2.626942098140716553e-02
-2.072551846504211426e-01 1.153241991996765137e-01 3.033207356929779053e-02 8.603475093841552734e-01 1.798832230269908905e-02 -7.847510576248168945e-01 2.626942098140716553e-02
-2.037318348884582520e-01 1.192909777164459229e-01 3.042794764041900635e-02 8.621332049369812012e-01 1.797633804380893707e-02 -7.847510576248168945e-01 2.624545246362686157e-02
-1.998489350080490112e-01 1.232697442173957825e-01 3.057175874710083008e-02 8.630080223083496094e-01 1.788046397268772125e-02 -7.847510576248168945e-01 2.625743672251701355e-02
-1.965293139219284058e-01 1.267931014299392700e-01 3.077549114823341370e-02 8.641225695610046387e-01 1.788046397268772125e-02 -7.847510576248168945e-01 2.623346820473670959e-02
-1.941684186458587646e-01 1.291420161724090576e-01 3.073953837156295776e-02 8.648176193237304688e-01 1.786847971379756927e-02 -7.847750186920166016e-01 2.610164321959018707e-02
-1.919033974409103394e-01 1.300408244132995605e-01 3.017628006637096405e-02 8.649614453315734863e-01 1.804824359714984894e-02 -7.847989797592163086e-01 2.632934227585792542e-02
-1.903214752674102783e-01 1.304722577333450317e-01 3.036802634596824646e-02 8.652371168136596680e-01 1.803625933825969696e-02 -7.848229408264160156e-01 2.619751729071140289e-02
-1.890751272439956665e-01 1.319343298673629761e-01 3.066763281822204590e-02 8.662557601928710938e-01 1.802427507936954498e-02 -7.848229408264160156e-01 2.616156451404094696e-02
-1.877209097146987915e-01 1.346907019615173340e-01 3.096723742783069611e-02 8.678137063980102539e-01 1.798832230269908905e-02 -7.847989797592163086e-01 2.610164321959018707e-02
-1.858753263950347900e-01 1.372553259134292603e-01 3.149454295635223389e-02 8.690600395202636719e-01 1.789244823157787323e-02 -7.848109602928161621e-01 2.604172192513942719e-02
-1.838979423046112061e-01 1.400356739759445190e-01 3.200986608862876892e-02 8.702824711799621582e-01 1.783252693712711334e-02 -7.847750186920166016e-01 2.587394230067729950e-02
-1.815610080957412720e-01 1.434152275323867798e-01 3.220161423087120056e-02 8.716366887092590332e-01 1.784451119601726532e-02 -7.847270965576171875e-01 2.590989507734775543e-02
-1.800270378589630127e-01 1.463273912668228149e-01 3.288471326231956482e-02 8.736979365348815918e-01 1.780855841934680939e-02 -7.845593094825744629e-01 2.590989507734775543e-02
-1.789724230766296387e-01 1.488920152187347412e-01 3.439472615718841553e-02 8.766461014747619629e-01 1.779657416045665741e-02 -7.843795418739318848e-01 2.590989507734775543e-02
-1.773665398359298706e-01 1.516963243484497070e-01 3.670768067240715027e-02 8.793065547943115234e-01 1.782054267823696136e-02 -7.842117547988891602e-01 2.590989507734775543e-02
-1.742746084928512573e-01 1.548841297626495361e-01 3.984754905104637146e-02 8.806248307228088379e-01 1.777260564267635345e-02 -7.840080261230468750e-01 2.580203674733638763e-02
-1.696846485137939453e-01 1.586112231016159058e-01 4.103398695588111877e-02 8.813439011573791504e-01 1.773665286600589752e-02 -7.839481234550476074e-01 2.583798952400684357e-02
-1.651426255702972412e-01 1.621705293655395508e-01 4.272376373410224915e-02 8.830935955047607422e-01 1.773665286600589752e-02 -7.836964130401611328e-01 2.584997378289699554e-02
-1.599894016981124878e-01 1.650107949972152710e-01 4.521648213267326355e-02 8.844358325004577637e-01 1.773665286600589752e-02 -7.833848595619201660e-01 2.582600526511669159e-02
-1.562862843275070190e-01 1.671559810638427734e-01 4.827246069908142090e-02 8.874318599700927734e-01 1.773665286600589752e-02 -7.831211686134338379e-01 2.584997378289699554e-02
-1.527269631624221802e-01 1.691453605890274048e-01 4.996223375201225281e-02 8.900803923606872559e-01 1.771268434822559357e-02 -7.826657891273498535e-01 2.579005248844623566e-02
-1.489159762859344482e-01 1.709669530391693115e-01 5.098089575767517090e-02 8.923933506011962891e-01 1.770070008933544159e-02 -7.823541760444641113e-01 2.582600526511669159e-02
-1.460277885198593140e-01 1.726327687501907349e-01 5.143629387021064758e-02 8.962882161140441895e-01 1.770070008933544159e-02 -7.824500799179077148e-01 2.583798952400684357e-02
-1.433672904968261719e-01 1.741307973861694336e-01 5.156812071800231934e-02 9.010099768638610840e-01 1.770070008933544159e-02 -7.821624279022216797e-01 2.586195804178714752e-02
-1.395083665847778320e-01 1.761081963777542114e-01 5.168796330690383911e-02 9.030832648277282715e-01 1.768871583044528961e-02 -7.816950678825378418e-01 2.586195804178714752e-02
-1.362726241350173950e-01 1.783851981163024902e-01 5.202352255582809448e-02 9.066066145896911621e-01 1.768871583044528961e-02 -7.814553976058959961e-01 2.584997378289699554e-02
-1.317186206579208374e-01 1.810816377401351929e-01 5.252685770392417908e-02 9.099981784820556641e-01 1.767673157155513763e-02 -7.814553976058959961e-01 2.586195804178714752e-02
-1.259901672601699829e-01 1.839338839054107666e-01 5.304218083620071411e-02 9.122032523155212402e-01 1.767673157155513763e-02 -7.812756299972534180e-01 2.586195804178714752e-02
-1.207650378346443176e-01 1.864146292209625244e-01 5.350956693291664124e-02 9.156547188758850098e-01 1.766474731266498566e-02 -7.811797261238098145e-01 2.584997378289699554e-02
-1.169181019067764282e-01 1.880924105644226074e-01 5.414472892880439758e-02 9.205322861671447754e-01 1.767673157155513763e-02 -7.809520363807678223e-01 2.586195804178714752e-02
-1.118128225207328796e-01 1.893747299909591675e-01 5.530719831585884094e-02 9.227853417396545410e-01 1.765276305377483368e-02 -7.800651788711547852e-01 2.586195804178714752e-02
-1.076542958617210388e-01 1.904652863740921021e-01 5.642173066735267639e-02 9.265244007110595703e-01 1.766474731266498566e-02 -7.801610827445983887e-01 2.587394230067729950e-02
-1.036994978785514832e-01 1.917595863342285156e-01 5.720070749521255493e-02 9.312701821327209473e-01 1.765276305377483368e-02 -7.799214124679565430e-01 2.586195804178714752e-02
-9.996042400598526001e-02 1.932456344366073608e-01 5.814746022224426270e-02 9.364473819732666016e-01 1.767673157155513763e-02 -7.798614501953125000e-01 2.587394230067729950e-02
-9.613745659589767456e-02 1.948634982109069824e-01 5.927397683262825012e-02 9.414088129997253418e-01 1.766474731266498566e-02 -7.795379161834716797e-01 2.586195804178714752e-02
-9.075653553009033203e-02 1.968768537044525146e-01 6.042446196079254150e-02 9.437937140464782715e-01 1.765276305377483368e-02 -7.793102264404296875e-01 2.586195804178714752e-02
-8.662197738885879517e-02 1.988662332296371460e-01 6.114351749420166016e-02 9.483117461204528809e-01 1.765276305377483368e-02 -7.793222069740295410e-01 2.586195804178714752e-02
-8.148074895143508911e-02 2.005919665098190308e-01 6.186256930232048035e-02 9.505168199539184570e-01 1.765276305377483368e-02 -7.792023420333862305e-01 2.584997378289699554e-02
-7.820905745029449463e-02 2.019461840391159058e-01 6.255765259265899658e-02 9.548072218894958496e-01 1.764077879488468170e-02 -7.792023420333862305e-01 2.589791081845760345e-02
-7.443401962518692017e-02 2.034442126750946045e-01 6.356433033943176270e-02 9.583665132522583008e-01 1.765276305377483368e-02 -7.792023420333862305e-01 2.587394230067729950e-02
-7.064700871706008911e-02 2.047384977340698242e-01 6.481069326400756836e-02 9.614824056625366211e-01 1.764077879488468170e-02 -7.791783809661865234e-01 2.590989507734775543e-02
-6.727944314479827881e-02 2.061526477336883545e-01 6.656038761138916016e-02 9.642627239227294922e-01 1.762879453599452972e-02 -7.791544198989868164e-01 2.587394230067729950e-02
-6.448711454868316650e-02 2.075428068637847900e-01 6.756706535816192627e-02 9.683493971824645996e-01 1.761681027710437775e-02 -7.793102264404296875e-01 2.589791081845760345e-02
-6.171875819563865662e-02 2.087532132863998413e-01 6.834603846073150635e-02 9.715012311935424805e-01 1.760482601821422577e-02 -7.791664004325866699e-01 2.587394230067729950e-02
-6.008890643715858459e-02 2.098318040370941162e-01 6.918492913246154785e-02 9.770498871803283691e-01 1.759284175932407379e-02 -7.794300317764282227e-01 2.587394230067729950e-02
-5.790777504444122314e-02 2.108145058155059814e-01 6.990398466587066650e-02 9.803096055984497070e-01 1.756887510418891907e-02 -7.790944576263427734e-01 2.587394230067729950e-02
-5.464806780219078064e-02 2.117732465267181396e-01 7.056311517953872681e-02 9.826825261116027832e-01 1.758085750043392181e-02 -7.788068652153015137e-01 2.589791081845760345e-02
-5.164002627134323120e-02 2.126361131668090820e-01 7.063502073287963867e-02 9.862178564071655273e-01 1.756887510418891907e-02 -7.788308262825012207e-01 2.587394230067729950e-02
-4.945889860391616821e-02 2.133551687002182007e-01 7.065898925065994263e-02 9.898970127105712891e-01 1.758085750043392181e-02 -7.787709236145019531e-01 2.587394230067729950e-02
-4.653474688529968262e-02 2.138225436210632324e-01 7.065898925065994263e-02 9.921620488166809082e-01 1.756887510418891907e-02 -7.787589430809020996e-01 2.587394230067729950e-02
-4.355067387223243713e-02 2.143378704786300659e-01 7.063502073287963867e-02 9.966561198234558105e-01 1.755689084529876709e-02 -7.787589430809020996e-01 2.587394230067729950e-02
-3.972770646214485168e-02 2.146494537591934204e-01 7.062304019927978516e-02 9.990289807319641113e-01 1.755689084529876709e-02 -7.787349820137023926e-01 2.588592655956745148e-02
-3.653990104794502258e-02 2.149011343717575073e-01 7.063502073287963867e-02 1.001138210296630859e+00 1.754490658640861511e-02 -7.782196402549743652e-01 2.589791081845760345e-02
-3.344797343015670776e-02 2.154284268617630005e-01 7.064700871706008911e-02 1.002672195434570312e+00 1.758085750043392181e-02 -7.782436013221740723e-01 2.589791081845760345e-02
-3.130279481410980225e-02 2.163032740354537964e-01 7.064700871706008911e-02 1.006459236145019531e+00 1.753292232751846313e-02 -7.782555818557739258e-01 2.589791081845760345e-02
-2.908571437001228333e-02 2.174537628889083862e-01 7.064700871706008911e-02 1.009862780570983887e+00 1.754490658640861511e-02 -7.782555818557739258e-01 2.587394230067729950e-02
-2.700045891106128693e-02 2.188559174537658691e-01 7.065898925065994263e-02 1.013985276222229004e+00 1.753292232751846313e-02 -7.781717181205749512e-01 2.589791081845760345e-02
-2.498710900545120239e-02 2.202341109514236450e-01 7.065898925065994263e-02 1.018838882446289062e+00 1.753292232751846313e-02 -7.781836986541748047e-01 2.588592655956745148e-02
-2.220677025616168976e-02 2.217561006546020508e-01 7.065898925065994263e-02 1.021151900291442871e+00 1.753292232751846313e-02 -7.773327827453613281e-01 2.587394230067729950e-02
-2.097239345312118530e-02 2.228107154369354248e-01 7.067097723484039307e-02 1.023692488670349121e+00 1.753292232751846313e-02 -7.771649956703186035e-01 2.586195804178714752e-02
-2.022937312722206116e-02 2.239132672548294067e-01 7.067097723484039307e-02 1.027299761772155762e+00 1.753292232751846313e-02 -7.769133448600769043e-01 2.582600526511669159e-02
-1.887515559792518616e-02 2.251955717802047729e-01 7.069494575262069702e-02 1.030295848846435547e+00 1.752093806862831116e-02 -7.762901782989501953e-01 2.582600526511669159e-02
-1.741307973861694336e-02 2.262861430644989014e-01 7.070692628622055054e-02 1.033267974853515625e+00 1.752093806862831116e-02 -7.760864496231079102e-01 2.581402100622653961e-02
-1.571131870150566101e-02 2.271010726690292358e-01 7.071891427040100098e-02 1.036659479141235352e+00 1.750895380973815918e-02 -7.757149338722229004e-01 2.580203674733638763e-02
-1.349423732608556747e-02 2.276523411273956299e-01 7.071891427040100098e-02 1.038804650306701660e+00 1.752093806862831116e-02 -7.751995921134948730e-01 2.579005248844623566e-02
-1.176850963383913040e-02 2.280837744474411011e-01 7.071891427040100098e-02 1.040865898132324219e+00 1.750895380973815918e-02 -7.748760581016540527e-01 2.577806822955608368e-02
-1.030643377453088760e-02 2.288987040519714355e-01 7.071891427040100098e-02 1.042543649673461914e+00 1.749696955084800720e-02 -7.745165228843688965e-01 2.579005248844623566e-02
-8.820389397442340851e-03 2.295698225498199463e-01 7.073089480400085449e-02 1.044952511787414551e+00 1.748498529195785522e-02 -7.744925618171691895e-01 2.576608397066593170e-02
-7.190535310655832291e-03 2.297855317592620850e-01 7.073089480400085449e-02 1.048056483268737793e+00 1.747300103306770325e-02 -7.743367552757263184e-01 2.577806822955608368e-02
-5.344964563846588135e-03 2.298334687948226929e-01 7.071891427040100098e-02 1.050812840461730957e+00 1.747300103306770325e-02 -7.742768526077270508e-01 2.580203674733638763e-02
-3.918841481208801270e-03 2.299173623323440552e-01 7.070692628622055054e-02 1.055270910263061523e+00 1.747300103306770325e-02 -7.742768526077270508e-01 2.580203674733638763e-02
-1.929460209794342518e-03 2.299413233995437622e-01 7.071891427040100098e-02 1.058434844017028809e+00 1.747300103306770325e-02 -7.737734913825988770e-01 2.581402100622653961e-02
6.711166352033615112e-04 2.299533188343048096e-01 7.069494575262069702e-02 1.059753060340881348e+00 1.747300103306770325e-02 -7.736176848411560059e-01 2.581402100622653961e-02
2.612560987472534180e-03 2.299533188343048096e-01 7.069494575262069702e-02 1.062041997909545898e+00 1.747300103306770325e-02 -7.735697627067565918e-01 2.581402100622653961e-02
4.565989598631858826e-03 2.299892604351043701e-01 7.069494575262069702e-02 1.064175248146057129e+00 1.744903251528739929e-02 -7.734618782997131348e-01 2.580203674733638763e-02
6.351639516651630402e-03 2.300611734390258789e-01 7.070692628622055054e-02 1.066703915596008301e+00 1.744903251528739929e-02 -7.733780145645141602e-01 2.581402100622653961e-02
8.257131092250347137e-03 2.300851345062255859e-01 7.070692628622055054e-02 1.068920969963073730e+00 1.744903251528739929e-02 -7.733061313629150391e-01 2.581402100622653961e-02
9.898969903588294983e-03 2.300851345062255859e-01 7.071891427040100098e-02 1.071725249290466309e+00 1.744903251528739929e-02 -7.732341885566711426e-01 2.580203674733638763e-02
1.098953466862440109e-02 2.300851345062255859e-01 7.071891427040100098e-02 1.075356483459472656e+00 1.744903251528739929e-02 -7.731862664222717285e-01 2.580203674733638763e-02
1.247557811439037323e-02 2.300731539726257324e-01 7.071891427040100098e-02 1.077501654624938965e+00 1.743704825639724731e-02 -7.729705572128295898e-01 2.581402100622653961e-02
1.370995398610830307e-02 2.301210910081863403e-01 7.073089480400085449e-02 1.078879833221435547e+00 1.742506399750709534e-02 -7.729705572128295898e-01 2.579005248844623566e-02
1.426122803241014481e-02 2.301930040121078491e-01 7.074288278818130493e-02 1.080306053161621094e+00 1.742506399750709534e-02 -7.729465961456298828e-01 2.580203674733638763e-02
1.446495950222015381e-02 2.302169650793075562e-01 7.074288278818130493e-02 1.081624269485473633e+00 1.742506399750709534e-02 -7.729585766792297363e-01 2.579005248844623566e-02
1.442900672554969788e-02 2.303008586168289185e-01 7.075486332178115845e-02 1.084224820137023926e+00 1.740109547972679138e-02 -7.730064988136291504e-01 2.577806822955608368e-02
1.446495950222015381e-02 2.303008586168289185e-01 7.074288278818130493e-02 1.087101101875305176e+00 1.741307973861694336e-02 -7.728746533393859863e-01 2.579005248844623566e-02
1.447694376111030579e-02 2.303008586168289185e-01 7.074288278818130493e-02 1.089318156242370605e+00 1.741307973861694336e-02 -7.728147506713867188e-01 2.579005248844623566e-02
1.417733822017908096e-02 2.302768826484680176e-01 7.074288278818130493e-02 1.093272924423217773e+00 1.741307973861694336e-02 -7.728986144065856934e-01 2.577806822955608368e-02
1.406948082149028778e-02 2.303008586168289185e-01 7.073089480400085449e-02 1.097239732742309570e+00 1.740109547972679138e-02 -7.728027701377868652e-01 2.577806822955608368e-02
1.475258171558380127e-02 2.303008586168289185e-01 7.069494575262069702e-02 1.098977446556091309e+00 1.738911122083663940e-02 -7.727308869361877441e-01 2.581402100622653961e-02
1.483647059649229050e-02 2.302768826484680176e-01 7.068295776844024658e-02 1.100787043571472168e+00 1.738911122083663940e-02 -7.726829051971435547e-01 2.581402100622653961e-02
1.470464468002319336e-02 2.302768826484680176e-01 7.065898925065994263e-02 1.102872252464294434e+00 1.738911122083663940e-02 -7.726709246635437012e-01 2.580203674733638763e-02
1.452488079667091370e-02 2.302768826484680176e-01 7.065898925065994263e-02 1.105784416198730469e+00 1.736514270305633545e-02 -7.726948857307434082e-01 2.581402100622653961e-02
1.470464468002319336e-02 2.303008586168289185e-01 7.064700871706008911e-02 1.107833743095397949e+00 1.736514270305633545e-02 -7.725031375885009766e-01 2.581402100622653961e-02
1.476456504315137863e-02 2.302649021148681641e-01 7.063502073287963867e-02 1.109883069992065430e+00 1.735315844416618347e-02 -7.725031375885009766e-01 2.579005248844623566e-02
1.468067616224288940e-02 2.302649021148681641e-01 7.062304019927978516e-02 1.112998962402343750e+00 1.736514270305633545e-02 -7.725630998611450195e-01 2.576608397066593170e-02
1.452488079667091370e-02 2.303128391504287720e-01 7.062304019927978516e-02 1.116558313369750977e+00 1.734117418527603149e-02 -7.724671959877014160e-01 2.575409971177577972e-02
1.469266042113304138e-02 2.303368151187896729e-01 7.062304019927978516e-02 1.118343949317932129e+00 1.732918992638587952e-02 -7.724791765213012695e-01 2.581402100622653961e-02
1.466869190335273743e-02 2.303607761859893799e-01 7.062304019927978516e-02 1.120081663131713867e+00 1.732918992638587952e-02 -7.723713517189025879e-01 2.574211545288562775e-02
1.460877060890197754e-02 2.303368151187896729e-01 7.062304019927978516e-02 1.121519804000854492e+00 1.734117418527603149e-02 -7.723833322525024414e-01 2.575409971177577972e-02
1.442900672554969788e-02 2.303368151187896729e-01 7.061105221509933472e-02 1.123856663703918457e+00 1.734117418527603149e-02 -7.724432349205017090e-01 2.575409971177577972e-02
1.432114932686090469e-02 2.303368151187896729e-01 7.059907168149948120e-02 1.126217603683471680e+00 1.732918992638587952e-02 -7.725151181221008301e-01 2.574211545288562775e-02
1.412940118461847305e-02 2.303368151187896729e-01 7.061105221509933472e-02 1.128997921943664551e+00 1.732918992638587952e-02 -7.724552154541015625e-01 2.573013119399547577e-02
1.405749656260013580e-02 2.302768826484680176e-01 7.056311517953872681e-02 1.132077813148498535e+00 1.732918992638587952e-02 -7.726230025291442871e-01 2.577806822955608368e-02
1.399757526814937592e-02 2.302169650793075562e-01 7.056311517953872681e-02 1.136619925498962402e+00 1.731720566749572754e-02 -7.725870609283447266e-01 2.573013119399547577e-02
1.387773267924785614e-02 2.302169650793075562e-01 7.055113464593887329e-02 1.138549327850341797e+00 1.731720566749572754e-02 -7.726110219955444336e-01 2.575409971177577972e-02
1.381781138479709625e-02 2.302409410476684570e-01 7.055113464593887329e-02 1.140682578086853027e+00 1.731720566749572754e-02 -7.726230025291442871e-01 2.579005248844623566e-02
1.375789102166891098e-02 2.302409410476684570e-01 7.052716612815856934e-02 1.143127322196960449e+00 1.732918992638587952e-02 -7.726469635963439941e-01 2.579005248844623566e-02
1.375789102166891098e-02 2.302169650793075562e-01 7.051517814397811890e-02 1.145596027374267578e+00 1.732918992638587952e-02 -7.726230025291442871e-01 2.581402100622653961e-02
1.369796972721815109e-02 2.301810085773468018e-01 7.049120962619781494e-02 1.146938323974609375e+00 1.731720566749572754e-02 -7.727068662643432617e-01 2.580203674733638763e-02
1.363804843276739120e-02 2.301210910081863403e-01 7.043129205703735352e-02 1.148963570594787598e+00 1.732918992638587952e-02 -7.727907896041870117e-01 2.580203674733638763e-02
1.363804843276739120e-02 2.301091104745864868e-01 7.043129205703735352e-02 1.151228666305541992e+00 1.732918992638587952e-02 -7.727907896041870117e-01 2.581402100622653961e-02
1.362606417387723923e-02 2.301091104745864868e-01 7.043129205703735352e-02 1.153709411621093750e+00 1.731720566749572754e-02 -7.728746533393859863e-01 2.581402100622653961e-02
1.362606417387723923e-02 2.301091104745864868e-01 7.043129205703735352e-02 1.155602931976318359e+00 1.730522140860557556e-02 -7.728626728057861328e-01 2.581402100622653961e-02
1.367400120943784714e-02 2.301091104745864868e-01 7.043129205703735352e-02 1.156885147094726562e+00 1.731720566749572754e-02 -7.728267312049865723e-01 2.581402100622653961e-02
1.361407991498708725e-02 2.301210910081863403e-01 7.041930407285690308e-02 1.157544374465942383e+00 1.731720566749572754e-02 -7.728626728057861328e-01 2.580203674733638763e-02
1.355415862053632736e-02 2.301330715417861938e-01 7.040732353925704956e-02 1.157700181007385254e+00 1.730522140860557556e-02 -7.728626728057861328e-01 2.581402100622653961e-02
1.351820584386587143e-02 2.301210910081863403e-01 7.040732353925704956e-02 1.157748103141784668e+00 1.730522140860557556e-02 -7.728746533393859863e-01 2.581402100622653961e-02
1.356614287942647934e-02 2.301091104745864868e-01 7.040732353925704956e-02 1.157807946205139160e+00 1.730522140860557556e-02 -7.728626728057861328e-01 2.581402100622653961e-02
1.354217436164617538e-02 2.301210910081863403e-01 7.040732353925704956e-02 1.157999753952026367e+00 1.730522140860557556e-02 -7.728387117385864258e-01 2.581402100622653961e-02
1.350622158497571945e-02 2.300971299409866333e-01 7.039533555507659912e-02 1.158395171165466309e+00 1.731720566749572754e-02 -7.728506922721862793e-01 2.581402100622653961e-02
1.347026880830526352e-02 2.300851345062255859e-01 7.039533555507659912e-02 1.159449815750122070e+00 1.730522140860557556e-02 -7.728027701377868652e-01 2.582600526511669159e-02
1.347026880830526352e-02 2.299892604351043701e-01 7.039533555507659912e-02 1.161103606224060059e+00 1.730522140860557556e-02 -7.728147506713867188e-01 2.580203674733638763e-02
1.344630029052495956e-02 2.297375947237014771e-01 7.037136703729629517e-02 1.163848042488098145e+00 1.731720566749572754e-02 -7.727668285369873047e-01 2.582600526511669159e-02
1.344630029052495956e-02 2.292941808700561523e-01 7.023954391479492188e-02 1.166053175926208496e+00 1.731720566749572754e-02 -7.726589441299438477e-01 2.583798952400684357e-02
1.345828454941511154e-02 2.285991013050079346e-01 7.021557539701461792e-02 1.167491197586059570e+00 1.730522140860557556e-02 -7.725151181221008301e-01 2.575409971177577972e-02
1.345828454941511154e-02 2.279519438743591309e-01 7.023954391479492188e-02 1.168785572052001953e+00 1.730522140860557556e-02 -7.725270986557006836e-01 2.573013119399547577e-02
1.343431603163480759e-02 2.273886948823928833e-01 7.021557539701461792e-02 1.172860145568847656e+00 1.730522140860557556e-02 -7.725270986557006836e-01 2.571814693510532379e-02
1.347026880830526352e-02 2.268973290920257568e-01 7.022756338119506836e-02 1.175436735153198242e+00 1.729323714971542358e-02 -7.720237970352172852e-01 2.570616267621517181e-02
1.344630029052495956e-02 2.262981235980987549e-01 7.019160687923431396e-02 1.175892233848571777e+00 1.729323714971542358e-02 -7.720118165016174316e-01 2.565822564065456390e-02
1.349423732608556747e-02 2.258067727088928223e-01 7.021557539701461792e-02 1.177210450172424316e+00 1.728125289082527161e-02 -7.719519138336181641e-01 2.569417841732501984e-02
1.351820584386587143e-02 2.253154218196868896e-01 7.017962634563446045e-02 1.178576588630676270e+00 1.728125289082527161e-02 -7.719159126281738281e-01 2.570616267621517181e-02
1.347026880830526352e-02 2.248000949621200562e-01 7.019160687923431396e-02 1.180014729499816895e+00 1.728125289082527161e-02 -7.718919515609741211e-01 2.568219415843486786e-02
1.348225306719541550e-02 2.243327051401138306e-01 7.017962634563446045e-02 1.182339668273925781e+00 1.728125289082527161e-02 -7.718799710273742676e-01 2.569417841732501984e-02
1.345828454941511154e-02 2.239132672548294067e-01 7.016763836145401001e-02 1.184736490249633789e+00 1.726926863193511963e-02 -7.718440294265747070e-01 2.565822564065456390e-02
1.343431603163480759e-02 2.235417515039443970e-01 7.017962634563446045e-02 1.185815095901489258e+00 1.726926863193511963e-02 -7.717961072921752930e-01 2.569417841732501984e-02
1.351820584386587143e-02 2.232301682233810425e-01 7.015565782785415649e-02 1.186785817146301270e+00 1.726926863193511963e-02 -7.717481255531311035e-01 2.568219415843486786e-02
1.345828454941511154e-02 2.229904830455780029e-01 7.017962634563446045e-02 1.187852382659912109e+00 1.724530011415481567e-02 -7.717361450195312500e-01 2.569417841732501984e-02
1.351820584386587143e-02 2.228706330060958862e-01 7.017962634563446045e-02 1.189386367797851562e+00 1.726926863193511963e-02 -7.717601656913757324e-01 2.569417841732501984e-02
1.342233270406723022e-02 2.228226959705352783e-01 7.017962634563446045e-02 1.191303849220275879e+00 1.724530011415481567e-02 -7.717481255531311035e-01 2.567020989954471588e-02
1.330249011516571045e-02 2.228107154369354248e-01 7.019160687923431396e-02 1.193580865859985352e+00 1.726926863193511963e-02 -7.717121839523315430e-01 2.565822564065456390e-02
1.331447437405586243e-02 2.227507978677749634e-01 7.016763836145401001e-02 1.194084286689758301e+00 1.724530011415481567e-02 -7.716642618179321289e-01 2.565822564065456390e-02
1.313471049070358276e-02 2.226788848638534546e-01 7.017962634563446045e-02 1.194707393646240234e+00 1.724530011415481567e-02 -7.716642618179321289e-01 2.567020989954471588e-02
1.306280586868524551e-02 2.226669043302536011e-01 7.017962634563446045e-02 1.194863200187683105e+00 1.723331585526466370e-02 -7.716762423515319824e-01 2.564624138176441193e-02
1.303883735090494156e-02 2.226429432630538940e-01 7.017962634563446045e-02 1.194947123527526855e+00 1.723331585526466370e-02 -7.716522812843322754e-01 2.562227286398410797e-02
1.299090031534433365e-02 2.226189672946929932e-01 7.016763836145401001e-02 1.195006966590881348e+00 1.722133159637451172e-02 -7.716762423515319824e-01 2.561028860509395599e-02
1.301486883312463760e-02 2.225830107927322388e-01 7.016763836145401001e-02 1.195006966590881348e+00 1.724530011415481567e-02 -7.716882228851318359e-01 2.563425712287425995e-02
1.299090031534433365e-02 2.225710302591323853e-01 7.017962634563446045e-02 1.195126891136169434e+00 1.719736307859420776e-02 -7.716762423515319824e-01 2.563425712287425995e-02
1.300288457423448563e-02 2.225590497255325317e-01 7.016763836145401001e-02 1.195150852203369141e+00 1.723331585526466370e-02 -7.716882228851318359e-01 2.563425712287425995e-02
1.299090031534433365e-02 2.225470691919326782e-01 7.017962634563446045e-02 1.195138812065124512e+00 1.720934733748435974e-02 -7.716882228851318359e-01 2.563425712287425995e-02
1.299090031534433365e-02 2.225590497255325317e-01 7.017962634563446045e-02 1.195162773132324219e+00 1.722133159637451172e-02 -7.717002034187316895e-01 2.562227286398410797e-02
1.295494753867387772e-02 2.225350737571716309e-01 7.017962634563446045e-02 1.195138812065124512e+00 1.720934733748435974e-02 -7.717121839523315430e-01 2.562227286398410797e-02
1.293097902089357376e-02 2.225230932235717773e-01 7.020359486341476440e-02 1.195174813270568848e+00 1.720934733748435974e-02 -7.717121839523315430e-01 2.563425712287425995e-02
1.289502624422311783e-02 2.225111126899719238e-01 7.016763836145401001e-02 1.195174813270568848e+00 1.719736307859420776e-02 -7.717121839523315430e-01 2.562227286398410797e-02
1.285907346755266190e-02 2.225111126899719238e-01 7.021557539701461792e-02 1.195186734199523926e+00 1.720934733748435974e-02 -7.717121839523315430e-01 2.562227286398410797e-02
1.283510494977235794e-02 2.224991321563720703e-01 7.017962634563446045e-02 1.195174813270568848e+00 1.720934733748435974e-02 -7.717121839523315430e-01 2.559830434620380402e-02
1.282312069088220596e-02 2.224991321563720703e-01 7.021557539701461792e-02 1.195174813270568848e+00 1.717339456081390381e-02 -7.717121839523315430e-01 2.561028860509395599e-02
1.282312069088220596e-02 2.224751561880111694e-01 7.019160687923431396e-02 1.195186734199523926e+00 1.719736307859420776e-02 -7.717002034187316895e-01 2.562227286398410797e-02
1.281113643199205399e-02 2.224631756544113159e-01 7.020359486341476440e-02 1.195198774337768555e+00 1.719736307859420776e-02 -7.717241644859313965e-01 2.558632008731365204e-02
1.277518365532159805e-02 2.224631756544113159e-01 7.017962634563446045e-02 1.195222735404968262e+00 1.719736307859420776e-02 -7.717361450195312500e-01 2.562227286398410797e-02
1.279915217310190201e-02 2.224511951208114624e-01 7.019160687923431396e-02 1.195222735404968262e+00 1.718537881970405579e-02 -7.717121839523315430e-01 2.561028860509395599e-02
1.276320032775402069e-02 2.224511951208114624e-01 7.017962634563446045e-02 1.195234775543212891e+00 1.718537881970405579e-02 -7.717361450195312500e-01 2.562227286398410797e-02
1.277518365532159805e-02 2.224511951208114624e-01 7.017962634563446045e-02 1.195234775543212891e+00 1.718537881970405579e-02 -7.717481255531311035e-01 2.562227286398410797e-02
1.276320032775402069e-02 2.224391996860504150e-01 7.017962634563446045e-02 1.195234775543212891e+00 1.718537881970405579e-02 -7.717361450195312500e-01 2.563425712287425995e-02
1.276320032775402069e-02 2.224272191524505615e-01 7.020359486341476440e-02 1.195234775543212891e+00 1.718537881970405579e-02 -7.717721462249755859e-01 2.562227286398410797e-02
1.270327903330326080e-02 2.224272191524505615e-01 7.020359486341476440e-02 1.195234775543212891e+00 1.717339456081390381e-02 -7.717841267585754395e-01 2.562227286398410797e-02
1.269129477441310883e-02 2.224272191524505615e-01 7.017962634563446045e-02 1.195210695266723633e+00 1.718537881970405579e-02 -7.717961072921752930e-01 2.564624138176441193e-02
1.266732625663280487e-02 2.224391996860504150e-01 7.019160687923431396e-02 1.195222735404968262e+00 1.718537881970405579e-02 -7.717961072921752930e-01 2.563425712287425995e-02
1.265534199774265289e-02 2.224272191524505615e-01 7.019160687923431396e-02 1.195234775543212891e+00 1.718537881970405579e-02 -7.718080878257751465e-01 2.563425712287425995e-02
1.263137347996234894e-02 2.224272191524505615e-01 7.019160687923431396e-02 1.195210695266723633e+00 1.719736307859420776e-02 -7.718440294265747070e-01 2.564624138176441193e-02
1.264335773885250092e-02 2.224391996860504150e-01 7.019160687923431396e-02 1.195234775543212891e+00 1.718537881970405579e-02 -7.718320488929748535e-01 2.564624138176441193e-02
1.258343644440174103e-02 2.224272191524505615e-01 7.019160687923431396e-02 1.195234775543212891e+00 1.718537881970405579e-02 -7.718560099601745605e-01 2.563425712287425995e-02
1.259542070329189301e-02 2.224272191524505615e-01 7.017962634563446045e-02 1.195222735404968262e+00 1.718537881970405579e-02 -7.718799710273742676e-01 2.564624138176441193e-02
1.255946792662143707e-02 2.224511951208114624e-01 7.019160687923431396e-02 1.195222735404968262e+00 1.718537881970405579e-02 -7.718799710273742676e-01 2.563425712287425995e-02
1.252351514995098114e-02 2.224511951208114624e-01 7.017962634563446045e-02 1.195210695266723633e+00 1.718537881970405579e-02 -7.718919515609741211e-01 2.563425712287425995e-02
1.252351514995098114e-02 2.224511951208114624e-01 7.020359486341476440e-02 1.195222735404968262e+00 1.718537881970405579e-02 -7.719039320945739746e-01 2.564624138176441193e-02
1.249954663217067719e-02 2.224511951208114624e-01 7.020359486341476440e-02 1.195222735404968262e+00 1.717339456081390381e-02 -7.719159126281738281e-01 2.564624138176441193e-02
1.248756237328052521e-02 2.224631756544113159e-01 7.020359486341476440e-02 1.195210695266723633e+00 1.719736307859420776e-02 -7.719159126281738281e-01 2.564624138176441193e-02
1.246359385550022125e-02 2.224511951208114624e-01 7.021557539701461792e-02 1.195234775543212891e+00 1.718537881970405579e-02 -7.719159126281738281e-01 2.564624138176441193e-02
1.245160959661006927e-02 2.224631756544113159e-01 7.020359486341476440e-02 1.195246696472167969e+00 1.719736307859420776e-02 -7.719159126281738281e-01 2.564624138176441193e-02
1.249954663217067719e-02 2.224631756544113159e-01 7.021557539701461792e-02 1.195246696472167969e+00 1.719736307859420776e-02 -7.719159126281738281e-01 2.564624138176441193e-02
1.252351514995098114e-02 2.224631756544113159e-01 7.022756338119506836e-02 1.195234775543212891e+00 1.718537881970405579e-02 -7.719278931617736816e-01 2.564624138176441193e-02
1.249954663217067719e-02 2.224511951208114624e-01 7.021557539701461792e-02 1.195234775543212891e+00 1.718537881970405579e-02 -7.719398736953735352e-01 2.564624138176441193e-02
1.249954663217067719e-02 2.224631756544113159e-01 7.023954391479492188e-02 1.195246696472167969e+00 1.718537881970405579e-02 -7.719638943672180176e-01 2.564624138176441193e-02
1.248756237328052521e-02 2.224631756544113159e-01 7.021557539701461792e-02 1.195234775543212891e+00 1.717339456081390381e-02 -7.719638943672180176e-01 2.563425712287425995e-02
1.249954663217067719e-02 2.224631756544113159e-01 7.022756338119506836e-02 1.195246696472167969e+00 1.719736307859420776e-02 -7.719758749008178711e-01 2.565822564065456390e-02
1.249954663217067719e-02 2.224631756544113159e-01 7.021557539701461792e-02 1.195246696472167969e+00 1.717339456081390381e-02 -7.719519138336181641e-01 2.564624138176441193e-02
1.252351514995098114e-02 2.224751561880111694e-01 7.021557539701461792e-02 1.195258736610412598e+00 1.718537881970405579e-02 -7.719638943672180176e-01 2.565822564065456390e-02
1.249954663217067719e-02 2.225111126899719238e-01 7.021557539701461792e-02 1.195234775543212891e+00 1.717339456081390381e-02 -7.719758749008178711e-01 2.565822564065456390e-02
1.252351514995098114e-02 2.225830107927322388e-01 7.019160687923431396e-02 1.195258736610412598e+00 1.718537881970405579e-02 -7.719758749008178711e-01 2.565822564065456390e-02
1.253549940884113312e-02 2.226788848638534546e-01 7.021557539701461792e-02 1.195258736610412598e+00 1.717339456081390381e-02 -7.719878554344177246e-01 2.567020989954471588e-02
1.252351514995098114e-02 2.227867543697357178e-01 7.021557539701461792e-02 1.195270657539367676e+00 1.718537881970405579e-02 -7.720118165016174316e-01 2.565822564065456390e-02
1.251153089106082916e-02 2.228706330060958862e-01 7.022756338119506836e-02 1.195258736610412598e+00 1.717339456081390381e-02 -7.719758749008178711e-01 2.565822564065456390e-02
1.252351514995098114e-02 2.229065895080566406e-01 7.022756338119506836e-02 1.195270657539367676e+00 1.719736307859420776e-02 -7.719758749008178711e-01 2.564624138176441193e-02
1.253549940884113312e-02 2.228946089744567871e-01 7.021557539701461792e-02 1.195282697677612305e+00 1.718537881970405579e-02 -7.719878554344177246e-01 2.567020989954471588e-02
1.255946792662143707e-02 2.228706330060958862e-01 7.021557539701461792e-02 1.195318579673767090e+00 1.719736307859420776e-02 -7.719758749008178711e-01 2.570616267621517181e-02
1.259542070329189301e-02 2.228226959705352783e-01 7.017962634563446045e-02 1.195318579673767090e+00 1.720934733748435974e-02 -7.719758749008178711e-01 2.568219415843486786e-02
1.261938922107219696e-02 2.227987349033355713e-01 7.017962634563446045e-02 1.195318579673767090e+00 1.719736307859420776e-02 -7.719758749008178711e-01 2.568219415843486786e-02
1.259542070329189301e-02 2.227627784013748169e-01 7.017962634563446045e-02 1.195330619812011719e+00 1.719736307859420776e-02 -7.719758749008178711e-01 2.570616267621517181e-02
1.258343644440174103e-02 2.227507978677749634e-01 7.017962634563446045e-02 1.195342540740966797e+00 1.719736307859420776e-02 -7.719519138336181641e-01 2.568219415843486786e-02
1.259542070329189301e-02 2.227507978677749634e-01 7.017962634563446045e-02 1.195330619812011719e+00 1.719736307859420776e-02 -7.719758749008178711e-01 2.568219415843486786e-02
1.255946792662143707e-02 2.227388173341751099e-01 7.019160687923431396e-02 1.195330619812011719e+00 1.718537881970405579e-02 -7.719758749008178711e-01 2.568219415843486786e-02
1.253549940884113312e-02 2.227388173341751099e-01 7.019160687923431396e-02 1.195330619812011719e+00 1.720934733748435974e-02 -7.719758749008178711e-01 2.567020989954471588e-02
1.255946792662143707e-02 2.227388173341751099e-01 7.020359486341476440e-02 1.195318579673767090e+00 1.718537881970405579e-02 -7.719758749008178711e-01 2.567020989954471588e-02
1.252351514995098114e-02 2.227388173341751099e-01 7.020359486341476440e-02 1.195354580879211426e+00 1.719736307859420776e-02 -7.719878554344177246e-01 2.569417841732501984e-02
1.258343644440174103e-02 2.227388173341751099e-01 7.021557539701461792e-02 1.195330619812011719e+00 1.718537881970405579e-02 -7.719758749008178711e-01 2.565822564065456390e-02
1.259542070329189301e-02 2.227268218994140625e-01 7.021557539701461792e-02 1.195354580879211426e+00 1.719736307859420776e-02 -7.719758749008178711e-01 2.568219415843486786e-02
1.261938922107219696e-02 2.227148413658142090e-01 7.022756338119506836e-02 1.195330619812011719e+00 1.718537881970405579e-02 -7.719758749008178711e-01 2.569417841732501984e-02
1.259542070329189301e-02 2.227268218994140625e-01 7.023954391479492188e-02 1.195354580879211426e+00 1.719736307859420776e-02 -7.719638943672180176e-01 2.569417841732501984e-02
1.261938922107219696e-02 2.227148413658142090e-01 7.021557539701461792e-02 1.195354580879211426e+00 1.718537881970405579e-02 -7.719519138336181641e-01 2.568219415843486786e-02
1.261938922107219696e-02 2.227028608322143555e-01 7.021557539701461792e-02 1.195354580879211426e+00 1.717339456081390381e-02 -7.719159126281738281e-01 2.569417841732501984e-02
1.259542070329189301e-02 2.227268218994140625e-01 7.021557539701461792e-02 1.195330619812011719e+00 1.713744178414344788e-02 -7.719398736953735352e-01 2.567020989954471588e-02
1.258343644440174103e-02 2.227268218994140625e-01 7.021557539701461792e-02 1.195366501808166504e+00 1.718537881970405579e-02 -7.719398736953735352e-01 2.567020989954471588e-02
1.255946792662143707e-02 2.227148413658142090e-01 7.021557539701461792e-02 1.195354580879211426e+00 1.718537881970405579e-02 -7.719398736953735352e-01 2.569417841732501984e-02
1.258343644440174103e-02 2.227148413658142090e-01 7.021557539701461792e-02 1.195354580879211426e+00 1.716141030192375183e-02 -7.719278931617736816e-01 2.568219415843486786e-02
1.258343644440174103e-02 2.227148413658142090e-01 7.021557539701461792e-02 1.195354580879211426e+00 1.717339456081390381e-02 -7.719278931617736816e-01 2.568219415843486786e-02
1.261938922107219696e-02 2.227388173341751099e-01 7.021557539701461792e-02 1.195354580879211426e+00 1.717339456081390381e-02 -7.719278931617736816e-01 2.565822564065456390e-02
1.261938922107219696e-02 2.227388173341751099e-01 7.021557539701461792e-02 1.195366501808166504e+00 1.717339456081390381e-02 -7.719159126281738281e-01 2.569417841732501984e-02
1.263137347996234894e-02 2.227388173341751099e-01 7.021557539701461792e-02 1.195354580879211426e+00 1.716141030192375183e-02 -7.719278931617736816e-01 2.569417841732501984e-02
1.264335773885250092e-02 2.227268218994140625e-01 7.019160687923431396e-02 1.195354580879211426e+00 1.718537881970405579e-02 -7.719278931617736816e-01 2.567020989954471588e-02
1.261938922107219696e-02 2.227268218994140625e-01 7.015565782785415649e-02 1.195366501808166504e+00 1.718537881970405579e-02 -7.719159126281738281e-01 2.565822564065456390e-02
1.259542070329189301e-02 2.227507978677749634e-01 7.017962634563446045e-02 1.195354580879211426e+00 1.716141030192375183e-02 -7.719278931617736816e-01 2.565822564065456390e-02
1.264335773885250092e-02 2.227507978677749634e-01 7.019160687923431396e-02 1.195378541946411133e+00 1.717339456081390381e-02 -7.719039320945739746e-01 2.564624138176441193e-02
1.261938922107219696e-02 2.227627784013748169e-01 7.017962634563446045e-02 1.195390462875366211e+00 1.718537881970405579e-02 -7.719159126281738281e-01 2.564624138176441193e-02
1.261938922107219696e-02 2.227627784013748169e-01 7.017962634563446045e-02 1.195378541946411133e+00 1.718537881970405579e-02 -7.719039320945739746e-01 2.565822564065456390e-02
1.259542070329189301e-02 2.227627784013748169e-01 7.019160687923431396e-02 1.195378541946411133e+00 1.717339456081390381e-02 -7.719159126281738281e-01 2.564624138176441193e-02
1.258343644440174103e-02 2.227627784013748169e-01 7.017962634563446045e-02 1.195390462875366211e+00 1.717339456081390381e-02 -7.719159126281738281e-01 2.564624138176441193e-02
1.255946792662143707e-02 2.227627784013748169e-01 7.019160687923431396e-02 1.195390462875366211e+00 1.717339456081390381e-02 -7.719039320945739746e-01 2.564624138176441193e-02
1.258343644440174103e-02 2.227627784013748169e-01 7.017962634563446045e-02 1.195378541946411133e+00 1.718537881970405579e-02 -7.719039320945739746e-01 2.565822564065456390e-02
1.259542070329189301e-02 2.227627784013748169e-01 7.019160687923431396e-02 1.195390462875366211e+00 1.718537881970405579e-02 -7.719039320945739746e-01 2.565822564065456390e-02
1.261938922107219696e-02 2.227627784013748169e-01 7.020359486341476440e-02 1.195390462875366211e+00 1.719736307859420776e-02 -7.719039320945739746e-01 2.567020989954471588e-02
1.259542070329189301e-02 2.227507978677749634e-01 7.021557539701461792e-02 1.195366501808166504e+00 1.717339456081390381e-02 -7.719039320945739746e-01 2.567020989954471588e-02
1.255946792662143707e-02 2.227627784013748169e-01 7.019160687923431396e-02 1.195378541946411133e+00 1.718537881970405579e-02 -7.718919515609741211e-01 2.567020989954471588e-02
1.254748366773128510e-02 2.227627784013748169e-01 7.020359486341476440e-02 1.195366501808166504e+00 1.718537881970405579e-02 -7.719039320945739746e-01 2.567020989954471588e-02
1.258343644440174103e-02 2.227747589349746704e-01 7.020359486341476440e-02 1.195366501808166504e+00 1.717339456081390381e-02 -7.719039320945739746e-01 2.565822564065456390e-02
1.260740496218204498e-02 2.227867543697357178e-01 7.019160687923431396e-02 1.195354580879211426e+00 1.717339456081390381e-02 -7.719039320945739746e-01 2.565822564065456390e-02
1.259542070329189301e-02 2.227867543697357178e-01 7.020359486341476440e-02 1.195378541946411133e+00 1.716141030192375183e-02 -7.718919515609741211e-01 2.567020989954471588e-02
1.265534199774265289e-02 2.227867543697357178e-01 7.019160687923431396e-02 1.195390462875366211e+00 1.717339456081390381e-02 -7.718919515609741211e-01 2.567020989954471588e-02
1.265534199774265289e-02 2.227747589349746704e-01 7.020359486341476440e-02 1.195390462875366211e+00 1.718537881970405579e-02 -7.719039320945739746e-01 2.568219415843486786e-02
1.267931051552295685e-02 2.227747589349746704e-01 7.019160687923431396e-02 1.195390462875366211e+00 1.718537881970405579e-02 -7.718919515609741211e-01 2.567020989954471588e-02
1.270327903330326080e-02 2.227867543697357178e-01 7.017962634563446045e-02 1.195390462875366211e+00 1.716141030192375183e-02 -7.718919515609741211e-01 2.567020989954471588e-02
1.269129477441310883e-02 2.227867543697357178e-01 7.019160687923431396e-02 1.195402503013610840e+00 1.717339456081390381e-02 -7.718799710273742676e-01 2.569417841732501984e-02
1.270327903330326080e-02 2.227747589349746704e-01 7.020359486341476440e-02 1.195414423942565918e+00 1.716141030192375183e-02 -7.718919515609741211e-01 2.569417841732501984e-02
1.270327903330326080e-02 2.227747589349746704e-01 7.020359486341476440e-02 1.195390462875366211e+00 1.717339456081390381e-02 -7.718919515609741211e-01 2.567020989954471588e-02
1.267931051552295685e-02 2.227867543697357178e-01 7.019160687923431396e-02 1.195438504219055176e+00 1.716141030192375183e-02 -7.718799710273742676e-01 2.570616267621517181e-02
1.270327903330326080e-02 2.227747589349746704e-01 7.019160687923431396e-02 1.195426464080810547e+00 1.716141030192375183e-02 -7.719039320945739746e-01 2.570616267621517181e-02
1.266732625663280487e-02 2.227747589349746704e-01 7.019160687923431396e-02 1.195426464080810547e+00 1.716141030192375183e-02 -7.719039320945739746e-01 2.568219415843486786e-02
1.270327903330326080e-02 2.227747589349746704e-01 7.020359486341476440e-02 1.195426464080810547e+00 1.714942604303359985e-02 -7.718799710273742676e-01 2.568219415843486786e-02
1.270327903330326080e-02 2.227627784013748169e-01 7.020359486341476440e-02 1.195486426353454590e+00 1.714942604303359985e-02 -7.719039320945739746e-01 2.570616267621517181e-02
1.276320032775402069e-02 2.227627784013748169e-01 7.021557539701461792e-02 1.195486426353454590e+00 1.716141030192375183e-02 -7.719039320945739746e-01 2.569417841732501984e-02
1.282312069088220596e-02 2.227747589349746704e-01 7.021557539701461792e-02 1.195486426353454590e+00 1.718537881970405579e-02 -7.718919515609741211e-01 2.570616267621517181e-02
1.284708920866250992e-02 2.227747589349746704e-01 7.021557539701461792e-02 1.195498347282409668e+00 1.717339456081390381e-02 -7.718919515609741211e-01 2.570616267621517181e-02
1.283510494977235794e-02 2.227867543697357178e-01 7.021557539701461792e-02 1.195498347282409668e+00 1.718537881970405579e-02 -7.719039320945739746e-01 2.569417841732501984e-02
1.284708920866250992e-02 2.227867543697357178e-01 7.020359486341476440e-02 1.195510387420654297e+00 1.717339456081390381e-02 -7.718919515609741211e-01 2.570616267621517181e-02
1.283510494977235794e-02 2.227867543697357178e-01 7.021557539701461792e-02 1.195486426353454590e+00 1.718537881970405579e-02 -7.718919515609741211e-01 2.570616267621517181e-02
1.287105772644281387e-02 2.227867543697357178e-01 7.021557539701461792e-02 1.195510387420654297e+00 1.716141030192375183e-02 -7.719039320945739746e-01 2.571814693510532379e-02
1.282312069088220596e-02 2.227867543697357178e-01 7.022756338119506836e-02 1.195510387420654297e+00 1.718537881970405579e-02 -7.719039320945739746e-01 2.570616267621517181e-02
1.287105772644281387e-02 2.227987349033355713e-01 7.022756338119506836e-02 1.195498347282409668e+00 1.716141030192375183e-02 -7.718919515609741211e-01 2.571814693510532379e-02
1.283510494977235794e-02 2.227987349033355713e-01 7.021557539701461792e-02 1.195510387420654297e+00 1.718537881970405579e-02 -7.719159126281738281e-01 2.573013119399547577e-02
1.284708920866250992e-02 2.227987349033355713e-01 7.022756338119506836e-02 1.195522308349609375e+00 1.716141030192375183e-02 -7.719039320945739746e-01 2.571814693510532379e-02
1.287105772644281387e-02 2.227867543697357178e-01 7.022756338119506836e-02 1.195522308349609375e+00 1.717339456081390381e-02 -7.719039320945739746e-01 2.571814693510532379e-02
1.285907346755266190e-02 2.227867543697357178e-01 7.021557539701461792e-02 1.195498347282409668e+00 1.716141030192375183e-02 -7.718919515609741211e-01 2.573013119399547577e-02
1.285907346755266190e-02 2.227867543697357178e-01 7.022756338119506836e-02 1.195510387420654297e+00 1.718537881970405579e-02 -7.719039320945739746e-01 2.571814693510532379e-02
1.285907346755266190e-02 2.227747589349746704e-01 7.019160687923431396e-02 1.195522308349609375e+00 1.718537881970405579e-02 -7.718799710273742676e-01 2.573013119399547577e-02
1.282312069088220596e-02 2.227747589349746704e-01 7.020359486341476440e-02 1.195522308349609375e+00 1.718537881970405579e-02 -7.718919515609741211e-01 2.574211545288562775e-02
1.282312069088220596e-02 2.227747589349746704e-01 7.015565782785415649e-02 1.195510387420654297e+00 1.718537881970405579e-02 -7.718919515609741211e-01 2.575409971177577972e-02
1.276320032775402069e-02 2.227627784013748169e-01 7.017962634563446045e-02 1.195510387420654297e+00 1.718537881970405579e-02 -7.719159126281738281e-01 2.575409971177577972e-02
1.279915217310190201e-02 2.227627784013748169e-01 7.015565782785415649e-02 1.195498347282409668e+00 1.718537881970405579e-02 -7.718919515609741211e-01 2.574211545288562775e-02
1.273923180997371674e-02 2.227388173341751099e-01 7.017962634563446045e-02 1.195498347282409668e+00 1.717339456081390381e-02 -7.718919515609741211e-01 2.576608397066593170e-02
1.277518365532159805e-02 2.227627784013748169e-01 7.014366984367370605e-02 1.195534348487854004e+00 1.718537881970405579e-02 -7.718799710273742676e-01 2.574211545288562775e-02
1.277518365532159805e-02 2.227388173341751099e-01 7.017962634563446045e-02 1.195510387420654297e+00 1.718537881970405579e-02 -7.718919515609741211e-01 2.577806822955608368e-02
1.282312069088220596e-02 2.227507978677749634e-01 7.014366984367370605e-02 1.195522308349609375e+00 1.717339456081390381e-02 -7.718799710273742676e-01 2.574211545288562775e-02
1.279915217310190201e-02 2.227388173341751099e-01 7.017962634563446045e-02 1.195522308349609375e+00 1.718537881970405579e-02 -7.718799710273742676e-01 2.576608397066593170e-02
1.287105772644281387e-02 2.227388173341751099e-01 7.015565782785415649e-02 1.195522308349609375e+00 1.717339456081390381e-02 -7.718799710273742676e-01 2.575409971177577972e-02
1.282312069088220596e-02 2.227507978677749634e-01 7.017962634563446045e-02 1.195534348487854004e+00 1.717339456081390381e-02 -7.719159126281738281e-01 2.575409971177577972e-02
1.283510494977235794e-02 2.227507978677749634e-01 7.016763836145401001e-02 1.195534348487854004e+00 1.719736307859420776e-02 -7.718679904937744141e-01 2.575409971177577972e-02
1.282312069088220596e-02 2.227627784013748169e-01 7.016763836145401001e-02 1.195558309555053711e+00 1.717339456081390381e-02 -7.718919515609741211e-01 2.575409971177577972e-02
1.281113643199205399e-02 2.227388173341751099e-01 7.017962634563446045e-02 1.195546269416809082e+00 1.718537881970405579e-02 -7.718799710273742676e-01 2.575409971177577972e-02
1.283510494977235794e-02 2.227507978677749634e-01 7.014366984367370605e-02 1.195558309555053711e+00 1.719736307859420776e-02 -7.718799710273742676e-01 2.574211545288562775e-02
1.277518365532159805e-02 2.227627784013748169e-01 7.013168931007385254e-02 1.195534348487854004e+00 1.719736307859420776e-02 -7.718919515609741211e-01 2.575409971177577972e-02
1.282312069088220596e-02 2.227388173341751099e-01 7.013168931007385254e-02 1.195546269416809082e+00 1.719736307859420776e-02 -7.718799710273742676e-01 2.574211545288562775e-02
1.276320032775402069e-02 2.227747589349746704e-01 7.011970132589340210e-02 1.195546269416809082e+00 1.720934733748435974e-02 -7.718799710273742676e-01 2.574211545288562775e-02
1.282312069088220596e-02 2.227747589349746704e-01 7.011970132589340210e-02 1.195558309555053711e+00 1.720934733748435974e-02 -7.718679904937744141e-01 2.575409971177577972e-02
1.277518365532159805e-02 2.227867543697357178e-01 7.011970132589340210e-02 1.195570230484008789e+00 1.722133159637451172e-02 -7.718560099601745605e-01 2.575409971177577972e-02
1.279915217310190201e-02 2.227987349033355713e-01 7.011970132589340210e-02 1.195558309555053711e+00 1.726926863193511963e-02 -7.718560099601745605e-01 2.576608397066593170e-02
1.277518365532159805e-02 2.227987349033355713e-01 7.011970132589340210e-02 1.195570230484008789e+00 1.726926863193511963e-02 -7.718679904937744141e-01 2.575409971177577972e-02
1.279915217310190201e-02 2.227867543697357178e-01 7.011970132589340210e-02 1.195570230484008789e+00 1.726926863193511963e-02 -7.718320488929748535e-01 2.575409971177577972e-02
1.276320032775402069e-02 2.227747589349746704e-01 7.010772079229354858e-02 1.195558309555053711e+00 1.728125289082527161e-02 -7.718560099601745605e-01 2.575409971177577972e-02
1.276320032775402069e-02 2.227987349033355713e-01 7.011970132589340210e-02 1.195582270622253418e+00 1.728125289082527161e-02 -7.718320488929748535e-01 2.575409971177577972e-02
1.277518365532159805e-02 2.227867543697357178e-01 7.010772079229354858e-02 1.195570230484008789e+00 1.728125289082527161e-02 -7.718200683593750000e-01 2.575409971177577972e-02
1.276320032775402069e-02 2.227987349033355713e-01 7.010772079229354858e-02 1.195582270622253418e+00 1.728125289082527161e-02 -7.718320488929748535e-01 2.573013119399547577e-02
1.277518365532159805e-02 2.227987349033355713e-01 7.010772079229354858e-02 1.195570230484008789e+00 1.725728437304496765e-02 -7.718320488929748535e-01 2.573013119399547577e-02
1.275121606886386871e-02 2.227987349033355713e-01 7.009573280811309814e-02 1.195570230484008789e+00 1.728125289082527161e-02 -7.718080878257751465e-01 2.573013119399547577e-02
1.273923180997371674e-02 2.227987349033355713e-01 7.009573280811309814e-02 1.195582270622253418e+00 1.729323714971542358e-02 -7.717961072921752930e-01 2.573013119399547577e-02
1.276320032775402069e-02 2.228107154369354248e-01 7.009573280811309814e-02 1.195606231689453125e+00 1.730522140860557556e-02 -7.717961072921752930e-01 2.574211545288562775e-02
1.276320032775402069e-02 2.228107154369354248e-01 7.009573280811309814e-02 1.195594191551208496e+00 1.730522140860557556e-02 -7.717961072921752930e-01 2.574211545288562775e-02
1.276320032775402069e-02 2.228107154369354248e-01 7.009573280811309814e-02 1.195606231689453125e+00 1.730522140860557556e-02 -7.717961072921752930e-01 2.574211545288562775e-02
1.273923180997371674e-02 2.228226959705352783e-01 7.009573280811309814e-02 1.195606231689453125e+00 1.730522140860557556e-02 -7.717961072921752930e-01 2.574211545288562775e-02
1.276320032775402069e-02 2.228466719388961792e-01 7.009573280811309814e-02 1.195606231689453125e+00 1.729323714971542358e-02 -7.717841267585754395e-01 2.573013119399547577e-02
1.277518365532159805e-02 2.228586524724960327e-01 7.009573280811309814e-02 1.195618271827697754e+00 1.728125289082527161e-02 -7.717961072921752930e-01 2.573013119399547577e-02
1.279915217310190201e-02 2.228826284408569336e-01 7.010772079229354858e-02 1.195618271827697754e+00 1.730522140860557556e-02 -7.718080878257751465e-01 2.570616267621517181e-02
1.277518365532159805e-02 2.228706330060958862e-01 7.009573280811309814e-02 1.195618271827697754e+00 1.730522140860557556e-02 -7.718080878257751465e-01 2.573013119399547577e-02
1.282312069088220596e-02 2.228706330060958862e-01 7.008375227451324463e-02 1.195618271827697754e+00 1.730522140860557556e-02 -7.718080878257751465e-01 2.573013119399547577e-02
1.282312069088220596e-02 2.228706330060958862e-01 7.008375227451324463e-02 1.195630192756652832e+00 1.730522140860557556e-02 -7.718080878257751465e-01 2.573013119399547577e-02
1.283510494977235794e-02 2.228826284408569336e-01 7.008375227451324463e-02 1.195630192756652832e+00 1.729323714971542358e-02 -7.718080878257751465e-01 2.573013119399547577e-02
1.283510494977235794e-02 2.228826284408569336e-01 7.009573280811309814e-02 1.195630192756652832e+00 1.730522140860557556e-02 -7.717961072921752930e-01 2.573013119399547577e-02
1.283510494977235794e-02 2.228706330060958862e-01 7.009573280811309814e-02 1.195642232894897461e+00 1.731720566749572754e-02 -7.717961072921752930e-01 2.573013119399547577e-02
1.283510494977235794e-02 2.228706330060958862e-01 7.009573280811309814e-02 1.195654153823852539e+00 1.731720566749572754e-02 -7.717961072921752930e-01 2.573013119399547577e-02
1.285907346755266190e-02 2.228826284408569336e-01 7.008375227451324463e-02 1.195654153823852539e+00 1.731720566749572754e-02 -7.718080878257751465e-01 2.573013119399547577e-02
1.287105772644281387e-02 2.228706330060958862e-01 7.009573280811309814e-02 1.195654153823852539e+00 1.731720566749572754e-02 -7.717961072921752930e-01 2.574211545288562775e-02
1.284708920866250992e-02 2.228946089744567871e-01 7.009573280811309814e-02 1.195666193962097168e+00 1.732918992638587952e-02 -7.717961072921752930e-01 2.574211545288562775e-02
1.282312069088220596e-02 2.229065895080566406e-01 7.009573280811309814e-02 1.195690155029296875e+00 1.731720566749572754e-02 -7.717961072921752930e-01 2.574211545288562775e-02
1.279915217310190201e-02 2.228946089744567871e-01 7.010772079229354858e-02 1.195678114891052246e+00 1.732918992638587952e-02 -7.717961072921752930e-01 2.573013119399547577e-02
1.277518365532159805e-02 2.229065895080566406e-01 7.009573280811309814e-02 1.195690155029296875e+00 1.732918992638587952e-02 -7.718080878257751465e-01 2.574211545288562775e-02
1.284708920866250992e-02 2.229065895080566406e-01 7.009573280811309814e-02 1.195678114891052246e+00 1.731720566749572754e-02 -7.717961072921752930e-01 2.575409971177577972e-02
1.287105772644281387e-02 2.229065895080566406e-01 7.007176429033279419e-02 1.195690155029296875e+00 1.731720566749572754e-02 -7.717961072921752930e-01 2.575409971177577972e-02
1.287105772644281387e-02 2.229065895080566406e-01 7.007176429033279419e-02 1.195678114891052246e+00 1.730522140860557556e-02 -7.717961072921752930e-01 2.571814693510532379e-02
1.285907346755266190e-02 2.229185700416564941e-01 7.007176429033279419e-02 1.195702075958251953e+00 1.731720566749572754e-02 -7.718080878257751465e-01 2.575409971177577972e-02
1.287105772644281387e-02 2.229185700416564941e-01 7.005978375673294067e-02 1.195690155029296875e+00 1.732918992638587952e-02 -7.717961072921752930e-01 2.576608397066593170e-02
1.285907346755266190e-02 2.229185700416564941e-01 7.007176429033279419e-02 1.195690155029296875e+00 1.731720566749572754e-02 -7.717961072921752930e-01 2.576608397066593170e-02
1.287105772644281387e-02 2.229305505752563477e-01 7.007176429033279419e-02 1.195702075958251953e+00 1.731720566749572754e-02 -7.717961072921752930e-01 2.576608397066593170e-02
1.289502624422311783e-02 2.229305505752563477e-01 7.007176429033279419e-02 1.195702075958251953e+00 1.732918992638587952e-02 -7.717961072921752930e-01 2.576608397066593170e-02
1.293097902089357376e-02 2.229185700416564941e-01 7.007176429033279419e-02 1.195702075958251953e+00 1.731720566749572754e-02 -7.718080878257751465e-01 2.575409971177577972e-02
1.294296327978372574e-02 2.229185700416564941e-01 7.003581523895263672e-02 1.195714116096496582e+00 1.731720566749572754e-02 -7.717961072921752930e-01 2.577806822955608368e-02
1.293097902089357376e-02 2.229065895080566406e-01 7.003581523895263672e-02 1.195714116096496582e+00 1.735315844416618347e-02 -7.717961072921752930e-01 2.579005248844623566e-02
1.295494753867387772e-02 2.229065895080566406e-01 7.004779577255249023e-02 1.195714116096496582e+00 1.735315844416618347e-02 -7.717961072921752930e-01 2.576608397066593170e-02
1.295494753867387772e-02 2.229305505752563477e-01 7.002382725477218628e-02 1.195738077163696289e+00 1.734117418527603149e-02 -7.717961072921752930e-01 2.577806822955608368e-02
1.294296327978372574e-02 2.229185700416564941e-01 7.002382725477218628e-02 1.195749998092651367e+00 1.735315844416618347e-02 -7.717961072921752930e-01 2.577806822955608368e-02
1.294296327978372574e-02 2.229185700416564941e-01 7.002382725477218628e-02 1.195749998092651367e+00 1.735315844416618347e-02 -7.717841267585754395e-01 2.577806822955608368e-02
1.294296327978372574e-02 2.229185700416564941e-01 7.001184672117233276e-02 1.195749998092651367e+00 1.736514270305633545e-02 -7.717961072921752930e-01 2.576608397066593170e-02
1.295494753867387772e-02 2.229185700416564941e-01 7.002382725477218628e-02 1.195762038230895996e+00 1.735315844416618347e-02 -7.717841267585754395e-01 2.575409971177577972e-02
1.299090031534433365e-02 2.229185700416564941e-01 7.001184672117233276e-02 1.195762038230895996e+00 1.737712696194648743e-02 -7.717961072921752930e-01 2.574211545288562775e-02
1.297891605645418167e-02 2.229185700416564941e-01 7.001184672117233276e-02 1.195773959159851074e+00 1.742506399750709534e-02 -7.718080878257751465e-01 2.579005248844623566e-02
1.299090031534433365e-02 2.229185700416564941e-01 6.999985873699188232e-02 1.195773959159851074e+00 1.741307973861694336e-02 -7.717841267585754395e-01 2.581402100622653961e-02
1.296693179756402969e-02 2.229065895080566406e-01 6.999985873699188232e-02 1.195773959159851074e+00 1.738911122083663940e-02 -7.717961072921752930e-01 2.579005248844623566e-02
1.299090031534433365e-02 2.229065895080566406e-01 6.998787820339202881e-02 1.195773959159851074e+00 1.738911122083663940e-02 -7.717961072921752930e-01 2.580203674733638763e-02
1.299090031534433365e-02 2.228946089744567871e-01 6.996390968561172485e-02 1.195797920227050781e+00 1.738911122083663940e-02 -7.717961072921752930e-01 2.580203674733638763e-02
1.299090031534433365e-02 2.228946089744567871e-01 6.995192170143127441e-02 1.195797920227050781e+00 1.740109547972679138e-02 -7.717961072921752930e-01 2.579005248844623566e-02
1.299090031534433365e-02 2.228946089744567871e-01 6.992795318365097046e-02 1.195797920227050781e+00 1.738911122083663940e-02 -7.717841267585754395e-01 2.579005248844623566e-02
1.301486883312463760e-02 2.228946089744567871e-01 6.990398466587066650e-02 1.195797920227050781e+00 1.741307973861694336e-02 -7.717841267585754395e-01 2.579005248844623566e-02
1.299090031534433365e-02 2.228826284408569336e-01 6.986803561449050903e-02 1.195822000503540039e+00 1.742506399750709534e-02 -7.717841267585754395e-01 2.575409971177577972e-02
1.295494753867387772e-02 2.228946089744567871e-01 6.986803561449050903e-02 1.195822000503540039e+00 1.747300103306770325e-02 -7.717961072921752930e-01 2.577806822955608368e-02
1.294296327978372574e-02 2.228946089744567871e-01 6.986803561449050903e-02 1.195857882499694824e+00 1.747300103306770325e-02 -7.717961072921752930e-01 2.576608397066593170e-02
1.295494753867387772e-02 2.229065895080566406e-01 6.983207911252975464e-02 1.195869922637939453e+00 1.748498529195785522e-02 -7.717961072921752930e-01 2.577806822955608368e-02
1.294296327978372574e-02 2.228946089744567871e-01 6.983207911252975464e-02 1.195881843566894531e+00 1.747300103306770325e-02 -7.717961072921752930e-01 2.576608397066593170e-02
1.291899476200342178e-02 2.228706330060958862e-01 6.984406709671020508e-02 1.195893883705139160e+00 1.749696955084800720e-02 -7.717841267585754395e-01 2.577806822955608368e-02
1.296693179756402969e-02 2.228226959705352783e-01 6.980811059474945068e-02 1.195881843566894531e+00 1.744903251528739929e-02 -7.717961072921752930e-01 2.579005248844623566e-02
1.293097902089357376e-02 2.227627784013748169e-01 6.980811059474945068e-02 1.195905804634094238e+00 1.749696955084800720e-02 -7.717961072921752930e-01 2.577806822955608368e-02
1.294296327978372574e-02 2.227388173341751099e-01 6.980811059474945068e-02 1.195905804634094238e+00 1.750895380973815918e-02 -7.717961072921752930e-01 2.577806822955608368e-02
1.294296327978372574e-02 2.227028608322143555e-01 6.976017355918884277e-02 1.195929765701293945e+00 1.748498529195785522e-02 -7.717961072921752930e-01 2.576608397066593170e-02
1.299090031534433365e-02 2.226429432630538940e-01 6.973620504140853882e-02 1.195905804634094238e+00 1.750895380973815918e-02 -7.717721462249755859e-01 2.576608397066593170e-02
1.294296327978372574e-02 2.226069867610931396e-01 6.972422450780868530e-02 1.195929765701293945e+00 1.749696955084800720e-02 -7.717961072921752930e-01 2.577806822955608368e-02
1.299090031534433365e-02 2.226069867610931396e-01 6.971223652362823486e-02 1.195929765701293945e+00 1.752093806862831116e-02 -7.717841267585754395e-01 2.576608397066593170e-02
1.293097902089357376e-02 2.225830107927322388e-01 6.965231895446777344e-02 1.195941805839538574e+00 1.749696955084800720e-02 -7.717961072921752930e-01 2.577806822955608368e-02
1.295494753867387772e-02 2.225470691919326782e-01 6.965231895446777344e-02 1.195941805839538574e+00 1.753292232751846313e-02 -7.717841267585754395e-01 2.577806822955608368e-02
1.291899476200342178e-02 2.224871367216110229e-01 6.961636245250701904e-02 1.195953726768493652e+00 1.748498529195785522e-02 -7.717841267585754395e-01 2.579005248844623566e-02
1.299090031534433365e-02 2.224631756544113159e-01 6.956842541694641113e-02 1.195965766906738281e+00 1.753292232751846313e-02 -7.717961072921752930e-01 2.579005248844623566e-02
1.296693179756402969e-02 2.224511951208114624e-01 6.953247636556625366e-02 1.195989727973937988e+00 1.748498529195785522e-02 -7.717841267585754395e-01 2.582600526511669159e-02
1.293097902089357376e-02 2.224272191524505615e-01 6.947255134582519531e-02 1.195989727973937988e+00 1.750895380973815918e-02 -7.717841267585754395e-01 2.577806822955608368e-02
1.300288457423448563e-02 2.224032580852508545e-01 6.943660229444503784e-02 1.196025729179382324e+00 1.750895380973815918e-02 -7.717961072921752930e-01 2.579005248844623566e-02
1.297891605645418167e-02 2.224032580852508545e-01 6.937667727470397949e-02 1.196001768112182617e+00 1.750895380973815918e-02 -7.717961072921752930e-01 2.577806822955608368e-02
1.300288457423448563e-02 2.223553210496902466e-01 6.931675970554351807e-02 1.196049690246582031e+00 1.750895380973815918e-02 -7.717961072921752930e-01 2.577806822955608368e-02
1.299090031534433365e-02 2.223073840141296387e-01 6.920889765024185181e-02 1.196061611175537109e+00 1.750895380973815918e-02 -7.717961072921752930e-01 2.579005248844623566e-02
1.303883735090494156e-02 2.222594469785690308e-01 6.914898008108139038e-02 1.196049690246582031e+00 1.752093806862831116e-02 -7.717841267585754395e-01 2.579005248844623566e-02
1.302685309201478958e-02 2.222115099430084229e-01 6.908905506134033203e-02 1.196073651313781738e+00 1.752093806862831116e-02 -7.717961072921752930e-01 2.579005248844623566e-02
1.300288457423448563e-02 2.221755534410476685e-01 6.905310600996017456e-02 1.196085572242736816e+00 1.753292232751846313e-02 -7.717841267585754395e-01 2.579005248844623566e-02
1.302685309201478958e-02 2.221156358718872070e-01 6.901714950799942017e-02 1.196085572242736816e+00 1.752093806862831116e-02 -7.717961072921752930e-01 2.575409971177577972e-02
1.303883735090494156e-02 2.220317423343658447e-01 6.899318099021911621e-02 1.196097612380981445e+00 1.754490658640861511e-02 -7.717841267585754395e-01 2.577806822955608368e-02
1.308677438646554947e-02 2.219238877296447754e-01 6.895723193883895874e-02 1.196109533309936523e+00 1.750895380973815918e-02 -7.717841267585754395e-01 2.579005248844623566e-02
1.305082160979509354e-02 2.218160182237625122e-01 6.889731436967849731e-02 1.196109533309936523e+00 1.753292232751846313e-02 -7.717841267585754395e-01 2.577806822955608368e-02
1.305082160979509354e-02 2.217201441526412964e-01 6.889731436967849731e-02 1.196109533309936523e+00 1.753292232751846313e-02 -7.717961072921752930e-01 2.580203674733638763e-02
1.303883735090494156e-02 2.216242700815200806e-01 6.882540881633758545e-02 1.196121573448181152e+00 1.752093806862831116e-02 -7.717841267585754395e-01 2.576608397066593170e-02
1.306280586868524551e-02 2.215523719787597656e-01 6.876548379659652710e-02 1.196133494377136230e+00 1.752093806862831116e-02 -7.717961072921752930e-01 2.580203674733638763e-02
1.306280586868524551e-02 2.215044349431991577e-01 6.874151527881622314e-02 1.196121573448181152e+00 1.753292232751846313e-02 -7.717961072921752930e-01 2.577806822955608368e-02
1.314669474959373474e-02 2.214085608720779419e-01 6.874151527881622314e-02 1.196133494377136230e+00 1.752093806862831116e-02 -7.717841267585754395e-01 2.579005248844623566e-02
1.306280586868524551e-02 2.213845998048782349e-01 6.872953474521636963e-02 1.196169495582580566e+00 1.754490658640861511e-02 -7.717841267585754395e-01 2.577806822955608368e-02
1.314669474959373474e-02 2.213726043701171875e-01 6.872953474521636963e-02 1.196181416511535645e+00 1.754490658640861511e-02 -7.717721462249755859e-01 2.580203674733638763e-02
1.307479012757539749e-02 2.213726043701171875e-01 6.872953474521636963e-02 1.196169495582580566e+00 1.754490658640861511e-02 -7.717721462249755859e-01 2.579005248844623566e-02
1.313471049070358276e-02 2.213486433029174805e-01 6.871754676103591919e-02 1.196205496788024902e+00 1.750895380973815918e-02 -7.717361450195312500e-01 2.579005248844623566e-02
1.303883735090494156e-02 2.213246673345565796e-01 6.870556622743606567e-02 1.196241378784179688e+00 1.752093806862831116e-02 -7.717241644859313965e-01 2.579005248844623566e-02
1.301486883312463760e-02 2.213007062673568726e-01 6.868159770965576172e-02 1.196253418922424316e+00 1.753292232751846313e-02 -7.717241644859313965e-01 2.579005248844623566e-02
1.302685309201478958e-02 2.213126868009567261e-01 6.869357824325561523e-02 1.196241378784179688e+00 1.752093806862831116e-02 -7.717121839523315430e-01 2.582600526511669159e-02
1.303883735090494156e-02 2.213007062673568726e-01 6.868159770965576172e-02 1.196277379989624023e+00 1.752093806862831116e-02 -7.717121839523315430e-01 2.580203674733638763e-02
1.300288457423448563e-02 2.213007062673568726e-01 6.868159770965576172e-02 1.196253418922424316e+00 1.750895380973815918e-02 -7.716882228851318359e-01 2.579005248844623566e-02
1.302685309201478958e-02 2.212887257337570190e-01 6.866960972547531128e-02 1.196289300918579102e+00 1.750895380973815918e-02 -7.716882228851318359e-01 2.579005248844623566e-02
1.309875864535570145e-02 2.212887257337570190e-01 6.866960972547531128e-02 1.196289300918579102e+00 1.752093806862831116e-02 -7.716882228851318359e-01 2.580203674733638763e-02
1.303883735090494156e-02 2.212767302989959717e-01 6.866960972547531128e-02 1.196313261985778809e+00 1.752093806862831116e-02 -7.716163396835327148e-01 2.580203674733638763e-02
1.303883735090494156e-02 2.212168127298355103e-01 6.863366067409515381e-02 1.196337223052978516e+00 1.752093806862831116e-02 -7.716163396835327148e-01 2.584997378289699554e-02
1.305082160979509354e-02 2.210969775915145874e-01 6.858572363853454590e-02 1.196349263191223145e+00 1.750895380973815918e-02 -7.715923786163330078e-01 2.583798952400684357e-02
1.303883735090494156e-02 2.208812534809112549e-01 6.856175512075424194e-02 1.196349263191223145e+00 1.750895380973815918e-02 -7.715684175491333008e-01 2.581402100622653961e-02
1.303883735090494156e-02 2.206415683031082153e-01 6.857373565435409546e-02 1.196337223052978516e+00 1.742506399750709534e-02 -7.715563774108886719e-01 2.581402100622653961e-02
1.293097902089357376e-02 2.205576747655868530e-01 6.858572363853454590e-02 1.196337223052978516e+00 1.742506399750709534e-02 -7.715563774108886719e-01 2.580203674733638763e-02
1.281113643199205399e-02 2.204618006944656372e-01 6.859770417213439941e-02 1.196313261985778809e+00 1.741307973861694336e-02 -7.715563774108886719e-01 2.581402100622653961e-02
1.249954663217067719e-02 2.202101349830627441e-01 6.859770417213439941e-02 1.196313261985778809e+00 1.740109547972679138e-02 -7.715443968772888184e-01 2.581402100622653961e-02
1.230779942125082016e-02 2.195749729871749878e-01 6.860969215631484985e-02 1.196289300918579102e+00 1.738911122083663940e-02 -7.715563774108886719e-01 2.579005248844623566e-02
1.231978368014097214e-02 2.187480628490447998e-01 6.863366067409515381e-02 1.196313261985778809e+00 1.738911122083663940e-02 -7.715443968772888184e-01 2.564624138176441193e-02
1.240367349237203598e-02 2.179810702800750732e-01 6.863366067409515381e-02 1.196313261985778809e+00 1.736514270305633545e-02 -7.715443968772888184e-01 2.559830434620380402e-02
1.265534199774265289e-02 2.172740101814270020e-01 6.866960972547531128e-02 1.196337223052978516e+00 1.735315844416618347e-02 -7.715443968772888184e-01 2.533465251326560974e-02
1.272724755108356476e-02 2.165789157152175903e-01 6.872953474521636963e-02 1.196325302124023438e+00 1.732918992638587952e-02 -7.715443968772888184e-01 2.517885714769363403e-02
1.279915217310190201e-02 2.156801074743270874e-01 6.874151527881622314e-02 1.196325302124023438e+00 1.729323714971542358e-02 -7.715563774108886719e-01 2.501107752323150635e-02
1.279915217310190201e-02 2.143738269805908203e-01 6.877747178077697754e-02 1.196337223052978516e+00 1.729323714971542358e-02 -7.715923786163330078e-01 2.490321919322013855e-02
1.273923180997371674e-02 2.130915075540542603e-01 6.892128288745880127e-02 1.196313261985778809e+00 1.725728437304496765e-02 -7.716043591499328613e-01 2.477139420807361603e-02
1.276320032775402069e-02 2.122645974159240723e-01 6.899318099021911621e-02 1.196325302124023438e+00 1.723331585526466370e-02 -7.716163396835327148e-01 2.469948865473270416e-02
1.276320032775402069e-02 2.117852270603179932e-01 6.913699209690093994e-02 1.196337223052978516e+00 1.722133159637451172e-02 -7.716283202171325684e-01 2.463956736028194427e-02
1.283510494977235794e-02 2.115215808153152466e-01 6.917294859886169434e-02 1.196325302124023438e+00 1.718537881970405579e-02 -7.716283202171325684e-01 2.461559884250164032e-02
1.283510494977235794e-02 2.110302150249481201e-01 6.918492913246154785e-02 1.196325302124023438e+00 1.717339456081390381e-02 -7.717361450195312500e-01 2.461559884250164032e-02
1.275121606886386871e-02 2.099995762109756470e-01 6.919691711664199829e-02 1.196313261985778809e+00 1.716141030192375183e-02 -7.719998359680175781e-01 2.462758310139179230e-02
1.239168923348188400e-02 2.085135281085968018e-01 6.919691711664199829e-02 1.196193456649780273e+00 1.714942604303359985e-02 -7.722874283790588379e-01 2.460361458361148834e-02
1.197224110364913940e-02 2.071713060140609741e-01 6.919691711664199829e-02 1.196145534515380859e+00 1.713744178414344788e-02 -7.725870609283447266e-01 2.449575625360012054e-02
1.190033555030822754e-02 2.063084393739700317e-01 6.920889765024185181e-02 1.196121573448181152e+00 1.713744178414344788e-02 -7.727068662643432617e-01 2.433996088802814484e-02
1.193628832697868347e-02 2.059608995914459229e-01 6.920889765024185181e-02 1.196121573448181152e+00 1.713744178414344788e-02 -7.728746533393859863e-01 2.394448220729827881e-02
1.205613091588020325e-02 2.059129625558853149e-01 6.928080320358276367e-02 1.196157455444335938e+00 1.711347326636314392e-02 -7.728746533393859863e-01 2.317749150097370148e-02
1.229581516236066818e-02 2.058889865875244141e-01 7.010772079229354858e-02 1.196169495582580566e+00 1.702958345413208008e-02 -7.728866338729858398e-01 2.179930545389652252e-02
1.248756237328052521e-02 2.059968411922454834e-01 7.093463093042373657e-02 1.196169495582580566e+00 1.686180569231510162e-02 -7.731023430824279785e-01 1.971404999494552612e-02
1.249954663217067719e-02 2.061286717653274536e-01 7.147391885519027710e-02 1.196157455444335938e+00 1.658616773784160614e-02 -7.736057043075561523e-01 1.661013625562191010e-02
1.258343644440174103e-02 2.060807347297668457e-01 7.201320677995681763e-02 1.196049690246582031e+00 1.640640385448932648e-02 -7.744325995445251465e-01 1.372193824499845505e-02
1.265534199774265289e-02 2.059848606586456299e-01 7.219297438859939575e-02 1.195965766906738281e+00 1.635846681892871857e-02 -7.748160958290100098e-01 9.179916232824325562e-03
1.282312069088220596e-02 2.058889865875244141e-01 7.291202992200851440e-02 1.195953726768493652e+00 1.622664183378219604e-02 -7.752115726470947266e-01 3.954794257879257202e-03
1.319463178515434265e-02 2.058889865875244141e-01 7.384679466485977173e-02 1.195917844772338867e+00 1.608283072710037231e-02 -7.756070494651794434e-01 1.198422523884801194e-05
1.349423732608556747e-02 2.059129625558853149e-01 7.529688626527786255e-02 1.195893883705139160e+00 1.593901962041854858e-02 -7.759426236152648926e-01 -3.834952134639024734e-03
1.356614287942647934e-02 2.059249430894851685e-01 7.685483992099761963e-02 1.195869922637939453e+00 1.577123999595642090e-02 -7.761223912239074707e-01 -8.460862562060356140e-03
1.359011139720678329e-02 2.059129625558853149e-01 7.835286110639572144e-02 1.195845961570739746e+00 1.555552426725625992e-02 -7.761463522911071777e-01 -1.551957149058580399e-02
1.359011139720678329e-02 2.059489041566848755e-01 7.969509810209274292e-02 1.195822000503540039e+00 1.519599743187427521e-02 -7.762662172317504883e-01 -2.102033048868179321e-02
1.357812713831663132e-02 2.058290690183639526e-01 8.175638318061828613e-02 1.195762038230895996e+00 1.498028170317411423e-02 -7.765058875083923340e-01 -2.549044787883758545e-02
1.355415862053632736e-02 2.054815292358398438e-01 8.439291268587112427e-02 1.195594191551208496e+00 1.492036040872335434e-02 -7.768175005912780762e-01 -3.185407072305679321e-02
1.344630029052495956e-02 2.049302458763122559e-01 8.754476904869079590e-02 1.195486426353454590e+00 1.484845485538244247e-02 -7.772249579429626465e-01 -3.953595831990242004e-02
1.339836418628692627e-02 2.047384977340698242e-01 8.951018005609512329e-02 1.195330619812011719e+00 1.435710210353136063e-02 -7.774406671524047852e-01 -4.507267102599143982e-02
1.333844289183616638e-02 2.047384977340698242e-01 9.102018922567367554e-02 1.195258736610412598e+00 1.423725951462984085e-02 -7.777882218360900879e-01 -5.064533650875091553e-02
1.333844289183616638e-02 2.044029384851455688e-01 9.275790303945541382e-02 1.195090889930725098e+00 1.422527525573968887e-02 -7.780638337135314941e-01 -5.871072039008140564e-02
1.330249011516571045e-02 2.035280913114547729e-01 9.590975195169448853e-02 1.195019006729125977e+00 1.422527525573968887e-02 -7.782795429229736328e-01 -6.578141450881958008e-02
1.336241140961647034e-02 2.031326144933700562e-01 9.773135930299758911e-02 1.195019006729125977e+00 1.415336970239877701e-02 -7.783514857292175293e-01 -7.174955308437347412e-02
1.332645863294601440e-02 2.029288858175277710e-01 9.902565181255340576e-02 1.195006966590881348e+00 1.416535396128892899e-02 -7.785072326660156250e-01 -7.961120456457138062e-02
1.326653733849525452e-02 2.028569877147674561e-01 1.003319323062896729e-01 1.195006966590881348e+00 1.415336970239877701e-02 -7.785432338714599609e-01 -8.746087551116943359e-02
1.329050585627555847e-02 2.027011811733245850e-01 1.013865470886230469e-01 1.194983005523681641e+00 1.415336970239877701e-02 -7.785791754722595215e-01 -9.399227797985076904e-02
1.345828454941511154e-02 2.020420581102371216e-01 1.039631515741348267e-01 1.195006966590881348e+00 1.420130673795938492e-02 -7.786031365394592285e-01 -1.025609970092773438e-01
1.345828454941511154e-02 2.009634673595428467e-01 1.075344532728195190e-01 1.195078969001770020e+00 1.418932247906923294e-02 -7.785911560058593750e-01 -1.101230457425117493e-01
1.343431603163480759e-02 2.004601359367370605e-01 1.088886708021163940e-01 1.195090889930725098e+00 1.415336970239877701e-02 -7.785432338714599609e-01 -1.170379444956779480e-01
1.347026880830526352e-02 1.998848915100097656e-01 1.094519272446632385e-01 1.195090889930725098e+00 1.415336970239877701e-02 -7.785432338714599609e-01 -1.260980218648910522e-01
1.354217436164617538e-02 1.991418749094009399e-01 1.100511401891708374e-01 1.195114850997924805e+00 1.416535396128892899e-02 -7.785432338714599609e-01 -1.334922909736633301e-01
1.359011139720678329e-02 1.984467804431915283e-01 1.103507429361343384e-01 1.195126891136169434e+00 1.415336970239877701e-02 -7.785552144050598145e-01 -1.413419544696807861e-01
1.361407991498708725e-02 1.976438462734222412e-01 1.108780503273010254e-01 1.195150852203369141e+00 1.415336970239877701e-02 -7.783395051956176758e-01 -1.499226540327072144e-01
1.370995398610830307e-02 1.968408972024917603e-01 1.115371808409690857e-01 1.195198774337768555e+00 1.414138544350862503e-02 -7.782076597213745117e-01 -1.565978676080703735e-01
1.397360675036907196e-02 1.957383453845977783e-01 1.120525076985359192e-01 1.195270657539367676e+00 1.414138544350862503e-02 -7.779799699783325195e-01 -1.642677783966064453e-01
1.412940118461847305e-02 1.944680213928222656e-01 1.125558465719223022e-01 1.195282697677612305e+00 1.412940118461847305e-02 -7.777642607688903809e-01 -1.729803085327148438e-01
1.418932247906923294e-02 1.928860992193222046e-01 1.146411001682281494e-01 1.195366501808166504e+00 1.412940118461847305e-02 -7.775964736938476562e-01 -1.794637739658355713e-01
1.429718080908060074e-02 1.910525113344192505e-01 1.169300824403762817e-01 1.195390462875366211e+00 1.411741692572832108e-02 -7.773687839508056641e-01 -1.878047883510589600e-01
1.466869190335273743e-02 1.892908364534378052e-01 1.183202564716339111e-01 1.195510387420654297e+00 1.409344933927059174e-02 -7.767695188522338867e-01 -1.961338371038436890e-01
1.526790298521518707e-02 1.875770986080169678e-01 1.191471666097640991e-01 1.195618271827697754e+00 1.408146508038043976e-02 -7.762542366981506348e-01 -2.022098302841186523e-01
1.595100387930870056e-02 1.858154088258743286e-01 1.194947063922882080e-01 1.195797920227050781e+00 1.412940118461847305e-02 -7.756909728050231934e-01 -2.097359299659729004e-01
1.626259274780750275e-02 1.836582571268081665e-01 1.195666119456291199e-01 1.196157455444335938e+00 1.411741692572832108e-02 -7.751396894454956055e-01 -2.171901166439056396e-01
1.680188439786434174e-02 1.819804608821868896e-01 1.198422536253929138e-01 1.196529030799865723e+00 1.411741692572832108e-02 -7.749000191688537598e-01 -2.191315591335296631e-01
1.783252693712711334e-02 1.809138655662536621e-01 1.198422536253929138e-01 1.196624875068664551e+00 1.409344933927059174e-02 -7.747561931610107422e-01 -2.215763330459594727e-01
1.875531300902366638e-02 1.798113137483596802e-01 1.198062971234321594e-01 1.196744680404663086e+00 1.416535396128892899e-02 -7.745884060859680176e-01 -2.228466719388961792e-01
1.911483891308307648e-02 1.782174110412597656e-01 1.197104230523109436e-01 1.196996450424194336e+00 1.422527525573968887e-02 -7.743127942085266113e-01 -2.236496061086654663e-01
1.912682317197322845e-02 1.765156537294387817e-01 1.196025684475898743e-01 1.197679519653320312e+00 1.423725951462984085e-02 -7.737016081809997559e-01 -2.238892912864685059e-01
1.912682317197322845e-02 1.751015186309814453e-01 1.196145489811897278e-01 1.198961853981018066e+00 1.426122803241014481e-02 -7.732581496238708496e-01 -2.238653302192687988e-01
1.916277594864368439e-02 1.742386519908905029e-01 1.196025684475898743e-01 1.201969861984252930e+00 1.423725951462984085e-02 -7.730304598808288574e-01 -2.238653302192687988e-01
1.948635093867778778e-02 1.735435724258422852e-01 1.196025684475898743e-01 1.205265522003173828e+00 1.424924377351999283e-02 -7.726829051971435547e-01 -2.237574756145477295e-01
2.045707218348979950e-02 1.722972095012664795e-01 1.195066943764686584e-01 1.207242965698242188e+00 1.426122803241014481e-02 -7.725750803947448730e-01 -2.235417515039443970e-01
2.099636197090148926e-02 1.706793308258056641e-01 1.193389147520065308e-01 1.209987282752990723e+00 1.428519655019044876e-02 -7.724432349205017090e-01 -2.230623811483383179e-01
2.117612585425376892e-02 1.687259078025817871e-01 1.189554184675216675e-01 1.214145779609680176e+00 1.440503913909196854e-02 -7.722754478454589844e-01 -2.223313450813293457e-01
